ctime,schemaname,relname,seq_scan,seq_tup_read,idx_scan,idx_tup_fetch,n_tup_ins,n_tup_upd,n_tup_del,n_tup_hot_upd,n_live_tup,n_dead_tup,heap_blks_read,heap_blks_hit,idx_blks_read,idx_blks_hit,toast_blks_read,toast_blks_hit,tidx_blks_read,tidx_blks_hit
1430501905.40417,pg_catalog,pg_operator,3,2295,224,1087,0,0,0,0,765,0,42,776,20,510,,,,
1430501905.40417,pg_catalog,pg_extension,3,3,0,0,0,0,0,0,1,0,2,2,0,0,,,,
1430501905.40417,public,warehouse,17,112,0,0,8,2,0,2,8,2,3,15,1,9,,,,
1430501905.40417,pg_catalog,pg_authid,341,341,8129,8129,0,0,0,0,1,0,30,8448,104,16154,,,,
1430501905.40417,pg_catalog,pg_statistic,2,830,1213,1032,92,495,0,199,491,76,75,2400,14,3242,37,302,4,260
1430501905.40417,pg_catalog,pg_opfamily,3,258,0,0,0,0,0,0,86,0,4,4,0,0,,,,
1430501905.40417,public,district,26,1600,0,0,80,8,0,7,80,2,8,56,2,12,,,,
1430501905.40417,pg_catalog,pg_shdescription,20,57,8,0,0,0,0,0,3,0,17,11,17,0,0,0,0,0
1430501905.40417,pg_catalog,pg_event_trigger,3,0,27,0,0,0,0,0,0,0,0,0,2,25,,,,
1430501905.40417,pg_catalog,pg_user_mapping,3,0,0,0,0,0,0,0,0,0,0,0,0,0,,,,
1430501905.40417,pg_catalog,pg_inherits,3,0,84,0,0,0,0,0,0,0,0,0,2,82,,,,
1430501905.40417,pg_toast,pg_toast_3596,0,0,0,0,0,0,0,0,0,0,0,0,0,0,,,,
1430501905.40417,pg_catalog,pg_rewrite,3,327,3,3,0,0,0,0,109,0,24,23,2,4,46,39,8,126
1430501905.40417,pg_catalog,pg_foreign_data_wrapper,3,0,0,0,0,0,0,0,0,0,0,0,0,0,,,,
1430501905.40417,pg_catalog,pg_largeobject_metadata,2,0,0,0,0,0,0,0,0,0,0,0,0,0,,,,
1430501905.40417,pg_catalog,pg_opclass,11,392,412,5621,0,0,0,0,128,0,9,1963,12,519,,,,
1430501905.40417,pg_catalog,pg_attrdef,3,0,0,0,0,0,0,0,0,0,0,0,0,0,0,0,0,0
1430501905.40417,pg_catalog,pg_default_acl,3,0,59,0,0,0,0,0,0,0,0,0,2,57,,,,
1430501905.40417,pg_catalog,pg_aggregate,2,266,2,2,0,0,0,0,133,0,5,3,2,2,,,,
1430501905.40417,pg_toast,pg_toast_12329,0,0,0,0,0,0,0,0,0,0,0,0,0,0,,,,
1430501905.40417,public,history,1,240000,,,240002,0,0,0,240002,0,5671,7189,,,,,,
1430501905.40417,public,stock,4,3200000,136,136,800000,68,0,0,799999,68,202856,76128,63,559,,,,
1430501905.40417,public,orders,6,1440000,0,0,240006,0,0,0,240006,0,3866,15443,15,37,,,,
1430501905.40417,pg_catalog,pg_ts_dict,3,48,0,0,0,0,0,0,16,0,2,2,0,0,,,,
1430501905.40417,pg_catalog,pg_index,34,526,1150,1392,27,0,17,0,123,17,13,1267,12,1360,,,,
1430501905.40417,public,order_line,4,9112860,0,0,2278283,0,0,0,2278283,0,162500,62585,9,204,,,,
1430501905.40417,pg_catalog,pg_tablespace,51,102,3056,3056,0,0,0,0,2,0,30,3085,58,6080,,,,
1430501905.40417,pg_toast,pg_toast_2619,0,0,169,372,76,0,15,0,61,15,37,302,4,260,,,,
1430501905.40417,public,customer,6,1440000,11,15,240000,2,0,0,240000,2,136312,49252,16,59,,,,
1430501905.40417,pg_catalog,pg_constraint,5,50,8,0,8,0,0,0,10,0,6,33,8,64,0,0,0,0
1430501905.40417,pg_toast,pg_toast_2618,0,0,63,195,0,0,0,0,0,0,46,39,4,63,,,,
1430501905.40417,pg_catalog,pg_cast,3,594,2007,349,0,0,0,0,198,0,6,351,6,2040,,,,
1430501905.40417,pg_catalog,pg_ts_config,3,48,0,0,0,0,0,0,16,0,2,2,0,0,,,,
1430501905.40417,pg_catalog,pg_ts_parser,3,3,0,0,0,0,0,0,1,0,2,2,0,0,,,,
1430501905.40417,pg_toast,pg_toast_2620,0,0,0,0,0,0,0,0,0,0,0,0,0,0,,,,
1430501905.40417,pg_toast,pg_toast_2396,0,0,0,0,0,0,0,0,0,0,0,0,0,0,,,,
1430501905.40417,pg_catalog,pg_largeobject,2,0,0,0,0,0,0,0,0,0,0,0,0,0,,,,
1430501905.40417,pg_catalog,pg_enum,4,0,0,0,0,0,0,0,0,0,0,0,0,0,,,,
1430501905.40417,pg_catalog,pg_foreign_table,2,0,0,0,0,0,0,0,0,0,0,0,0,0,,,,
1430501905.40417,pg_catalog,pg_collation,3,1806,0,0,0,0,0,0,602,0,38,38,0,0,,,,
1430501905.40417,pg_catalog,pg_am,112,124,0,0,0,0,0,0,5,0,3,110,0,0,,,,
1430501905.40417,pg_catalog,pg_proc,3,8073,223,240,6,0,0,0,2691,0,161,372,30,519,0,0,0,0
1430501905.40417,pg_catalog,pg_shdepend,24,24,2722,681,0,0,0,0,1,0,17,696,68,2832,,,,
1430501905.40417,pg_catalog,pg_language,4,16,10,10,0,0,0,0,4,0,2,13,4,18,,,,
1430501905.40417,pg_catalog,pg_range,2,12,2,0,0,0,0,0,6,0,2,1,2,2,,,,
1430501905.40417,pg_catalog,pg_attribute,48,7901,2841,10410,1401,20,1219,1,2491,0,143,6811,47,11529,,,,
1430501905.40417,public,item,4,400000,68,68,100000,0,0,0,100000,0,2625,9090,55,87,,,,
1430501905.40417,pg_catalog,pg_database,1531,5946,57611,57593,9,0,8,0,4,0,8,59157,120,67815,,,,
1430501905.40417,public,new_order,4,288000,0,0,72006,0,0,0,72006,0,783,2341,7,18,,,,
1430501905.40417,pg_catalog,pg_conversion,4,528,0,0,0,0,0,0,132,0,6,9,0,0,,,,
1430501905.40417,pg_catalog,pg_type,3,1093,1359,1000,173,0,151,0,361,0,30,1405,20,3345,,,,
1430501905.40417,pg_catalog,pg_trigger,4,0,0,0,0,0,0,0,0,0,0,0,0,0,0,0,0,0
1430501905.40417,information_schema,sql_implementation_info,1,12,,,0,0,0,0,12,0,2,0,,,0,0,0,0
1430501905.40417,information_schema,sql_languages,1,4,,,0,0,0,0,4,0,2,0,,,0,0,0,0
1430501905.40417,pg_toast,pg_toast_12309,0,0,0,0,0,0,0,0,0,0,0,0,0,0,,,,
1430501905.40417,pg_toast,pg_toast_12334,0,0,0,0,0,0,0,0,0,0,0,0,0,0,,,,
1430501905.40417,pg_catalog,pg_amop,4,1744,300,364,0,0,0,0,436,0,12,372,22,664,,,,
1430501905.40417,pg_toast,pg_toast_1255,0,0,0,0,0,0,0,0,0,0,0,0,0,0,,,,
1430501905.40417,pg_toast,pg_toast_12314,0,0,0,0,0,0,0,0,0,0,0,0,0,0,,,,
1430501905.40417,pg_toast,pg_toast_12324,0,0,0,0,0,0,0,0,0,0,0,0,0,0,,,,
1430501905.40417,pg_catalog,pg_amproc,11,1048,298,469,0,0,0,0,344,0,9,307,9,685,,,,
1430501905.40417,pg_toast,pg_toast_2964,0,0,0,0,0,0,0,0,0,0,0,0,0,0,,,,
1430501905.40417,pg_catalog,pg_ts_template,3,15,0,0,0,0,0,0,5,0,2,2,0,0,,,,
1430501905.40417,pg_catalog,pg_db_role_setting,24,0,20640,0,0,0,0,0,0,0,0,0,30,20610,0,0,0,0
1430501905.40417,pg_toast,pg_toast_2609,0,0,0,0,0,0,0,0,0,0,0,0,0,0,,,,
1430501905.40417,information_schema,sql_parts,1,9,,,0,0,0,0,9,0,2,0,,,0,0,0,0
1430501905.40417,pg_catalog,pg_class,101,11576,3314,2964,122,324,101,68,316,0,33,4985,33,8104,,,,
1430501905.40417,pg_catalog,pg_seclabel,2,0,252,0,0,0,0,0,0,0,0,0,2,250,0,0,0,0
1430501905.40417,pg_catalog,pg_ts_config_map,2,608,0,0,0,0,0,0,304,0,4,2,0,0,,,,
1430501905.40417,information_schema,sql_sizing,1,23,,,0,0,0,0,23,0,2,0,,,0,0,0,0
1430501905.40417,pg_toast,pg_toast_12339,0,0,0,0,0,0,0,0,0,0,0,0,0,0,,,,
1430501905.40417,information_schema,sql_packages,1,10,,,0,0,0,0,10,0,2,0,,,0,0,0,0
1430501905.40417,pg_toast,pg_toast_2606,0,0,0,0,0,0,0,0,0,0,0,0,0,0,,,,
1430501905.40417,pg_catalog,pg_pltemplate,16,128,0,0,0,0,0,0,8,0,16,8,0,0,,,,
1430501905.40417,pg_catalog,pg_auth_members,24,0,0,0,0,0,0,0,0,0,0,0,0,0,,,,
1430501905.40417,pg_catalog,pg_depend,3,20120,2731,2507,348,0,256,0,6672,256,103,3172,39,6884,,,,
1430501905.40417,pg_toast,pg_toast_2604,0,0,0,0,0,0,0,0,0,0,0,0,0,0,,,,
1430501905.40417,pg_catalog,pg_shseclabel,16,0,8,0,0,0,0,0,0,0,0,0,8,0,,,,
1430501905.40417,information_schema,sql_features,1,672,,,0,0,0,0,672,0,14,0,,,0,0,0,0
1430501905.40417,pg_toast,pg_toast_12319,0,0,0,0,0,0,0,0,0,0,0,0,0,0,,,,
1430501905.40417,pg_catalog,pg_description,2,7372,252,0,0,0,0,0,3686,0,64,32,6,501,0,0,0,0
1430501905.40417,pg_catalog,pg_namespace,5,30,202,122,0,0,0,0,6,0,3,125,11,288,,,,
1430501905.40417,information_schema,sql_sizing_profiles,1,0,,,0,0,0,0,0,0,0,0,,,0,0,0,0
1430501905.40417,pg_catalog,pg_foreign_server,3,0,0,0,0,0,0,0,0,0,0,0,0,0,,,,
1430501965.40668,pg_catalog,pg_operator,3,2295,2891,19721,0,0,0,0,765,0,42,13688,20,6077,,,,
1430501965.40668,pg_catalog,pg_extension,3,3,0,0,0,0,0,0,1,0,2,2,0,0,,,,
1430501965.40668,public,warehouse,32873,200712,85988,85988,8,36482,0,35651,8,1509,77,1629592,2,86980,,,,
1430501965.40668,pg_catalog,pg_authid,344,344,8369,8369,0,0,0,0,1,0,31,8690,108,16630,,,,
1430501965.40668,pg_catalog,pg_statistic,2,830,8312,8127,92,495,0,199,491,76,75,9495,14,17517,37,2362,4,1778
1430501965.40668,pg_catalog,pg_opfamily,3,258,0,0,0,0,0,0,86,0,4,4,0,0,,,,
1430501965.40668,public,district,48096,3602080,116389,116389,80,74591,0,74463,80,813,28,1029558,2,116601,,,,
1430501965.40668,pg_catalog,pg_shdescription,20,57,8,0,0,0,0,0,3,0,17,11,17,0,0,0,0,0
1430501965.40668,pg_catalog,pg_event_trigger,3,0,27,0,0,0,0,0,0,0,0,0,2,25,,,,
1430501965.40668,pg_catalog,pg_user_mapping,3,0,0,0,0,0,0,0,0,0,0,0,0,0,,,,
1430501965.40668,pg_catalog,pg_inherits,3,0,84,0,0,0,0,0,0,0,0,0,2,82,,,,
1430501965.40668,pg_toast,pg_toast_3596,0,0,0,0,0,0,0,0,0,0,0,0,0,0,,,,
1430501965.40668,pg_catalog,pg_rewrite,3,327,9,9,0,0,0,0,109,0,27,26,2,14,51,40,8,138
1430501965.40668,pg_catalog,pg_foreign_data_wrapper,3,0,0,0,0,0,0,0,0,0,0,0,0,0,,,,
1430501965.40668,pg_catalog,pg_largeobject_metadata,2,0,0,0,0,0,0,0,0,0,0,0,0,0,,,,
1430501965.40668,pg_catalog,pg_opclass,11,392,1345,19519,0,0,0,0,128,0,9,7372,12,1603,,,,
1430501965.40668,pg_catalog,pg_attrdef,3,0,0,0,0,0,0,0,0,0,0,0,0,0,0,0,0,0
1430501965.40668,pg_catalog,pg_default_acl,3,0,59,0,0,0,0,0,0,0,0,0,2,57,,,,
1430501965.40668,pg_catalog,pg_aggregate,2,266,163,163,0,0,0,0,133,0,5,164,2,244,,,,
1430501965.40668,pg_toast,pg_toast_12329,0,0,0,0,0,0,0,0,0,0,0,0,0,0,,,,
1430501965.40668,public,history,1,240000,,,276482,0,0,0,276482,0,6121,44632,,,,,,
1430501965.40668,public,stock,4,3200000,1012432,809589,800000,400077,0,0,799999,400077,220083,1330187,2890,4247908,,,,
1430501965.40668,public,orders,6,1440000,69645,71921,278109,33120,0,26462,277723,7461,5182,173502,1554,479318,,,,
1430501965.40668,pg_catalog,pg_ts_dict,3,48,0,0,0,0,0,0,16,0,2,2,0,0,,,,
1430501965.40668,pg_catalog,pg_index,39,1141,2942,3343,27,0,17,0,123,17,13,3074,12,3299,,,,
1430501965.40668,public,order_line,4,9112860,72937,873508,2678292,314233,0,132712,2674636,262874,174430,1659327,6759,1977139,,,,
1430501965.40668,pg_catalog,pg_tablespace,51,102,3171,3171,0,0,0,0,2,0,31,3199,61,6309,,,,
1430501965.40668,pg_toast,pg_toast_2619,0,0,1614,4894,76,0,15,0,61,15,37,2362,4,1778,,,,
1430501965.40668,public,customer,6,1440000,171742,440130,240000,69602,0,54769,240000,18504,146569,596792,1446,606354,,,,
1430501965.40668,pg_catalog,pg_constraint,5,50,8,0,8,0,0,0,10,0,6,33,8,64,0,0,0,0
1430501965.40668,pg_toast,pg_toast_2618,0,0,67,209,0,0,0,0,0,0,51,40,4,69,,,,
1430501965.40668,pg_catalog,pg_cast,3,594,12733,2833,0,0,0,0,198,0,6,2835,6,12843,,,,
1430501965.40668,pg_catalog,pg_ts_config,3,48,0,0,0,0,0,0,16,0,2,2,0,0,,,,
1430501965.40668,pg_catalog,pg_ts_parser,3,3,0,0,0,0,0,0,1,0,2,2,0,0,,,,
1430501965.40668,pg_toast,pg_toast_2620,0,0,0,0,0,0,0,0,0,0,0,0,0,0,,,,
1430501965.40668,pg_toast,pg_toast_2396,0,0,0,0,0,0,0,0,0,0,0,0,0,0,,,,
1430501965.40668,pg_catalog,pg_largeobject,2,0,0,0,0,0,0,0,0,0,0,0,0,0,,,,
1430501965.40668,pg_catalog,pg_enum,4,0,0,0,0,0,0,0,0,0,0,0,0,0,,,,
1430501965.40668,pg_catalog,pg_foreign_table,2,0,0,0,0,0,0,0,0,0,0,0,0,0,,,,
1430501965.40668,pg_catalog,pg_collation,3,1806,0,0,0,0,0,0,602,0,38,38,0,0,,,,
1430501965.40668,pg_catalog,pg_am,182,194,0,0,0,0,0,0,5,0,3,180,0,0,,,,
1430501965.40668,pg_catalog,pg_proc,3,8073,3867,5098,6,0,0,0,2691,0,168,4567,33,8109,0,0,0,0
1430501965.40668,pg_catalog,pg_shdepend,24,24,2722,681,0,0,0,0,1,0,17,696,68,2832,,,,
1430501965.40668,pg_catalog,pg_language,4,16,10,10,0,0,0,0,4,0,2,13,4,18,,,,
1430501965.40668,pg_catalog,pg_range,2,12,2,0,0,0,0,0,6,0,2,1,2,2,,,,
1430501965.40668,pg_catalog,pg_attribute,48,7901,10265,27444,1401,20,1219,1,2491,0,146,15258,48,26448,,,,
1430501965.40668,public,item,4,400000,400463,400077,100000,0,0,0,100000,0,3845,407879,276,802606,,,,
1430501965.40668,pg_catalog,pg_database,1534,5952,57987,57969,9,0,8,0,4,0,8,59536,124,68428,,,,
1430501965.40668,public,new_order,4,288000,66240,63638,110109,0,30230,0,79493,30616,1219,138548,395,363727,,,,
1430501965.40668,pg_catalog,pg_conversion,4,528,0,0,0,0,0,0,132,0,6,9,0,0,,,,
1430501965.40668,pg_catalog,pg_type,3,1093,5204,4845,173,0,151,0,361,0,30,5250,20,11112,,,,
1430501965.40668,pg_catalog,pg_trigger,4,0,0,0,0,0,0,0,0,0,0,0,0,0,0,0,0,0
1430501965.40668,information_schema,sql_implementation_info,1,12,,,0,0,0,0,12,0,2,0,,,0,0,0,0
1430501965.40668,information_schema,sql_languages,1,4,,,0,0,0,0,4,0,2,0,,,0,0,0,0
1430501965.40668,pg_toast,pg_toast_12309,0,0,0,0,0,0,0,0,0,0,0,0,0,0,,,,
1430501965.40668,pg_toast,pg_toast_12334,0,0,0,0,0,0,0,0,0,0,0,0,0,0,,,,
1430501965.40668,pg_catalog,pg_amop,4,1744,1821,2439,0,0,0,0,436,0,12,2447,22,3858,,,,
1430501965.40668,pg_toast,pg_toast_1255,0,0,0,0,0,0,0,0,0,0,0,0,0,0,,,,
1430501965.40668,pg_toast,pg_toast_12314,0,0,0,0,0,0,0,0,0,0,0,0,0,0,,,,
1430501965.40668,pg_toast,pg_toast_12324,0,0,0,0,0,0,0,0,0,0,0,0,0,0,,,,
1430501965.40668,pg_catalog,pg_amproc,11,1048,835,1226,0,0,0,0,344,0,9,844,9,1829,,,,
1430501965.40668,pg_toast,pg_toast_2964,0,0,0,0,0,0,0,0,0,0,0,0,0,0,,,,
1430501965.40668,pg_catalog,pg_ts_template,3,15,0,0,0,0,0,0,5,0,2,2,0,0,,,,
1430501965.40668,pg_catalog,pg_db_role_setting,24,0,21124,0,0,0,0,0,0,0,0,0,31,21093,0,0,0,0
1430501965.40668,pg_toast,pg_toast_2609,0,0,0,0,0,0,0,0,0,0,0,0,0,0,,,,
1430501965.40668,information_schema,sql_parts,1,9,,,0,0,0,0,9,0,2,0,,,0,0,0,0
1430501965.40668,pg_catalog,pg_class,107,13472,8352,7052,122,324,101,68,316,0,34,9121,33,15094,,,,
1430501965.40668,pg_catalog,pg_seclabel,2,0,252,0,0,0,0,0,0,0,0,0,2,250,0,0,0,0
1430501965.40668,pg_catalog,pg_ts_config_map,2,608,0,0,0,0,0,0,304,0,4,2,0,0,,,,
1430501965.40668,information_schema,sql_sizing,1,23,,,0,0,0,0,23,0,2,0,,,0,0,0,0
1430501965.40668,pg_toast,pg_toast_12339,0,0,0,0,0,0,0,0,0,0,0,0,0,0,,,,
1430501965.40668,information_schema,sql_packages,1,10,,,0,0,0,0,10,0,2,0,,,0,0,0,0
1430501965.40668,pg_toast,pg_toast_2606,0,0,0,0,0,0,0,0,0,0,0,0,0,0,,,,
1430501965.40668,pg_catalog,pg_pltemplate,16,128,0,0,0,0,0,0,8,0,16,8,0,0,,,,
1430501965.40668,pg_catalog,pg_auth_members,24,0,0,0,0,0,0,0,0,0,0,0,0,0,,,,
1430501965.40668,pg_catalog,pg_depend,3,20120,2731,2507,348,0,256,0,6672,256,103,3172,39,6884,,,,
1430501965.40668,pg_toast,pg_toast_2604,0,0,0,0,0,0,0,0,0,0,0,0,0,0,,,,
1430501965.40668,pg_catalog,pg_shseclabel,16,0,8,0,0,0,0,0,0,0,0,0,8,0,,,,
1430501965.40668,information_schema,sql_features,1,672,,,0,0,0,0,672,0,14,0,,,0,0,0,0
1430501965.40668,pg_toast,pg_toast_12319,0,0,0,0,0,0,0,0,0,0,0,0,0,0,,,,
1430501965.40668,pg_catalog,pg_description,2,7372,252,0,0,0,0,0,3686,0,64,32,6,501,0,0,0,0
1430501965.40668,pg_catalog,pg_namespace,7,42,556,399,0,0,0,0,6,0,3,404,12,720,,,,
1430501965.40668,information_schema,sql_sizing_profiles,1,0,,,0,0,0,0,0,0,0,0,,,0,0,0,0
1430501965.40668,pg_catalog,pg_foreign_server,3,0,0,0,0,0,0,0,0,0,0,0,0,0,,,,
1430502025.40597,pg_catalog,pg_operator,3,2295,2908,19738,0,0,0,0,765,0,42,13705,20,6119,,,,
1430502025.40597,pg_catalog,pg_extension,3,3,0,0,0,0,0,0,1,0,2,2,0,0,,,,
1430502025.40597,public,warehouse,32873,200712,194404,194404,8,72203,0,70653,8,1646,221,3496789,2,196195,,,,
1430502025.40597,pg_catalog,pg_authid,345,345,8379,8379,0,0,0,0,1,0,31,8701,108,16650,,,,
1430502025.40597,pg_catalog,pg_statistic,2,830,12497,12306,92,495,0,199,491,74,75,13674,14,25892,37,3162,4,2178
1430502025.40597,pg_catalog,pg_opfamily,3,258,0,0,0,0,0,0,86,0,4,4,0,0,,,,
1430502025.40597,public,district,62657,4691360,258976,258976,80,147286,0,146192,80,2014,483,2156823,6,350421,,,,
1430502025.40597,pg_catalog,pg_shdescription,20,57,8,0,0,0,0,0,3,0,17,11,17,0,0,0,0,0
1430502025.40597,pg_catalog,pg_event_trigger,3,0,27,0,0,0,0,0,0,0,0,0,2,25,,,,
1430502025.40597,pg_catalog,pg_user_mapping,3,0,0,0,0,0,0,0,0,0,0,0,0,0,,,,
1430502025.40597,pg_catalog,pg_inherits,3,0,84,0,0,0,0,0,0,0,0,0,2,82,,,,
1430502025.40597,pg_toast,pg_toast_3596,0,0,0,0,0,0,0,0,0,0,0,0,0,0,,,,
1430502025.40597,pg_catalog,pg_rewrite,3,327,16,16,0,0,0,0,109,0,27,33,2,26,51,47,8,154
1430502025.40597,pg_catalog,pg_foreign_data_wrapper,3,0,0,0,0,0,0,0,0,0,0,0,0,0,,,,
1430502025.40597,pg_catalog,pg_largeobject_metadata,2,0,0,0,0,0,0,0,0,0,0,0,0,0,,,,
1430502025.40597,pg_catalog,pg_opclass,11,392,1363,19704,0,0,0,0,128,0,9,7442,12,1631,,,,
1430502025.40597,pg_catalog,pg_attrdef,3,0,0,0,0,0,0,0,0,0,0,0,0,0,0,0,0,0
1430502025.40597,pg_catalog,pg_default_acl,3,0,59,0,0,0,0,0,0,0,0,0,2,57,,,,
1430502025.40597,pg_catalog,pg_aggregate,2,266,164,164,0,0,0,0,133,0,5,165,2,246,,,,
1430502025.40597,pg_toast,pg_toast_12329,0,0,0,0,0,0,0,0,0,0,0,0,0,0,,,,
1430502025.40597,public,history,1,240000,,,312203,0,0,0,311417,0,6576,81343,,,,,,
1430502025.40597,public,stock,4,3200000,1961307,1592924,800000,787921,0,0,799999,787921,226108,3325084,3299,8272852,,,,
1430502025.40597,public,orders,6,1440000,140430,149315,315083,66830,0,46613,314286,22504,5639,353953,1999,997112,,,,
1430502025.40597,pg_catalog,pg_ts_dict,3,48,0,0,0,0,0,0,16,0,2,2,0,0,,,,
1430502025.40597,pg_catalog,pg_index,44,1756,3582,4156,27,0,17,0,123,17,13,3729,12,3951,,,,
1430502025.40597,public,order_line,4,9112860,146916,1775752,3066136,661939,0,268747,3059110,534927,182213,3426117,10504,4011763,,,,
1430502025.40597,pg_catalog,pg_tablespace,51,102,3176,3176,0,0,0,0,2,0,31,3204,61,6319,,,,
1430502025.40597,pg_toast,pg_toast_2619,0,0,2014,7214,76,0,15,0,61,15,37,3162,4,2178,,,,
1430502025.40597,public,customer,6,1440000,340460,866678,240000,139033,0,109921,238013,22671,147793,1167649,2444,1204405,,,,
1430502025.40597,pg_catalog,pg_constraint,5,50,8,0,8,0,0,0,10,0,6,33,8,64,0,0,0,0
1430502025.40597,pg_toast,pg_toast_2618,0,0,72,225,0,0,0,0,0,0,51,47,4,77,,,,
1430502025.40597,pg_catalog,pg_cast,3,594,12802,2861,0,0,0,0,198,0,6,2863,6,12917,,,,
1430502025.40597,pg_catalog,pg_ts_config,3,48,0,0,0,0,0,0,16,0,2,2,0,0,,,,
1430502025.40597,pg_catalog,pg_ts_parser,3,3,0,0,0,0,0,0,1,0,2,2,0,0,,,,
1430502025.40597,pg_toast,pg_toast_2620,0,0,0,0,0,0,0,0,0,0,0,0,0,0,,,,
1430502025.40597,pg_toast,pg_toast_2396,0,0,0,0,0,0,0,0,0,0,0,0,0,0,,,,
1430502025.40597,pg_catalog,pg_largeobject,2,0,0,0,0,0,0,0,0,0,0,0,0,0,,,,
1430502025.40597,pg_catalog,pg_enum,4,0,0,0,0,0,0,0,0,0,0,0,0,0,,,,
1430502025.40597,pg_catalog,pg_foreign_table,2,0,0,0,0,0,0,0,0,0,0,0,0,0,,,,
1430502025.40597,pg_catalog,pg_collation,3,1806,0,0,0,0,0,0,602,0,38,38,0,0,,,,
1430502025.40597,pg_catalog,pg_am,189,201,0,0,0,0,0,0,5,0,3,187,0,0,,,,
1430502025.40597,pg_catalog,pg_proc,3,8073,3945,5211,6,0,0,0,2691,0,168,4660,33,8275,0,0,0,0
1430502025.40597,pg_catalog,pg_shdepend,24,24,2722,681,0,0,0,0,1,0,17,696,68,2832,,,,
1430502025.40597,pg_catalog,pg_language,4,16,10,10,0,0,0,0,4,0,2,13,4,18,,,,
1430502025.40597,pg_catalog,pg_range,2,12,2,0,0,0,0,0,6,0,2,1,2,2,,,,
1430502025.40597,pg_catalog,pg_attribute,48,7901,11626,35433,1401,20,1219,1,2491,0,146,17296,48,29179,,,,
1430502025.40597,public,item,4,400000,788661,787921,100000,0,0,0,100000,0,3845,795723,276,1580871,,,,
1430502025.40597,pg_catalog,pg_database,1536,5960,58091,58073,9,0,8,0,4,0,8,59642,124,68544,,,,
1430502025.40597,public,new_order,4,288000,133660,127977,147083,0,60560,0,85479,7254,1450,1767836,665,828505,,,,
1430502025.40597,pg_catalog,pg_conversion,4,528,0,0,0,0,0,0,132,0,6,9,0,0,,,,
1430502025.40597,pg_catalog,pg_type,3,1093,5296,4937,173,0,151,0,361,0,30,5342,20,11301,,,,
1430502025.40597,pg_catalog,pg_trigger,4,0,0,0,0,0,0,0,0,0,0,0,0,0,0,0,0,0
1430502025.40597,information_schema,sql_implementation_info,1,12,,,0,0,0,0,12,0,2,0,,,0,0,0,0
1430502025.40597,information_schema,sql_languages,1,4,,,0,0,0,0,4,0,2,0,,,0,0,0,0
1430502025.40597,pg_toast,pg_toast_12309,0,0,0,0,0,0,0,0,0,0,0,0,0,0,,,,
1430502025.40597,pg_toast,pg_toast_12334,0,0,0,0,0,0,0,0,0,0,0,0,0,0,,,,
1430502025.40597,pg_catalog,pg_amop,4,1744,1854,2480,0,0,0,0,436,0,12,2488,22,3932,,,,
1430502025.40597,pg_toast,pg_toast_1255,0,0,0,0,0,0,0,0,0,0,0,0,0,0,,,,
1430502025.40597,pg_toast,pg_toast_12314,0,0,0,0,0,0,0,0,0,0,0,0,0,0,,,,
1430502025.40597,pg_toast,pg_toast_12324,0,0,0,0,0,0,0,0,0,0,0,0,0,0,,,,
1430502025.40597,pg_catalog,pg_amproc,11,1048,852,1253,0,0,0,0,344,0,9,861,9,1870,,,,
1430502025.40597,pg_toast,pg_toast_2964,0,0,0,0,0,0,0,0,0,0,0,0,0,0,,,,
1430502025.40597,pg_catalog,pg_ts_template,3,15,0,0,0,0,0,0,5,0,2,2,0,0,,,,
1430502025.40597,pg_catalog,pg_db_role_setting,24,0,21148,0,0,0,0,0,0,0,0,0,31,21117,0,0,0,0
1430502025.40597,pg_toast,pg_toast_2609,0,0,0,0,0,0,0,0,0,0,0,0,0,0,,,,
1430502025.40597,information_schema,sql_parts,1,9,,,0,0,0,0,9,0,2,0,,,0,0,0,0
1430502025.40597,pg_catalog,pg_class,113,15368,11181,9758,122,324,101,68,316,0,34,11876,33,18628,,,,
1430502025.40597,pg_catalog,pg_seclabel,2,0,252,0,0,0,0,0,0,0,0,0,2,250,0,0,0,0
1430502025.40597,pg_catalog,pg_ts_config_map,2,608,0,0,0,0,0,0,304,0,4,2,0,0,,,,
1430502025.40597,information_schema,sql_sizing,1,23,,,0,0,0,0,23,0,2,0,,,0,0,0,0
1430502025.40597,pg_toast,pg_toast_12339,0,0,0,0,0,0,0,0,0,0,0,0,0,0,,,,
1430502025.40597,information_schema,sql_packages,1,10,,,0,0,0,0,10,0,2,0,,,0,0,0,0
1430502025.40597,pg_toast,pg_toast_2606,0,0,0,0,0,0,0,0,0,0,0,0,0,0,,,,
1430502025.40597,pg_catalog,pg_pltemplate,16,128,0,0,0,0,0,0,8,0,16,8,0,0,,,,
1430502025.40597,pg_catalog,pg_auth_members,24,0,0,0,0,0,0,0,0,0,0,0,0,0,,,,
1430502025.40597,pg_catalog,pg_depend,3,20120,2731,2507,348,0,256,0,6672,256,103,3172,39,6884,,,,
1430502025.40597,pg_toast,pg_toast_2604,0,0,0,0,0,0,0,0,0,0,0,0,0,0,,,,
1430502025.40597,pg_catalog,pg_shseclabel,16,0,8,0,0,0,0,0,0,0,0,0,8,0,,,,
1430502025.40597,information_schema,sql_features,1,672,,,0,0,0,0,672,0,14,0,,,0,0,0,0
1430502025.40597,pg_toast,pg_toast_12319,0,0,0,0,0,0,0,0,0,0,0,0,0,0,,,,
1430502025.40597,pg_catalog,pg_description,2,7372,252,0,0,0,0,0,3686,0,64,32,6,501,0,0,0,0
1430502025.40597,pg_catalog,pg_namespace,9,54,694,532,0,0,0,0,6,0,3,539,12,865,,,,
1430502025.40597,information_schema,sql_sizing_profiles,1,0,,,0,0,0,0,0,0,0,0,,,0,0,0,0
1430502025.40597,pg_catalog,pg_foreign_server,3,0,0,0,0,0,0,0,0,0,0,0,0,0,,,,
1430502085.40316,pg_catalog,pg_operator,3,2295,2936,19766,0,0,0,0,765,0,42,13733,20,6185,,,,
1430502085.40316,pg_catalog,pg_extension,3,3,0,0,0,0,0,0,1,0,2,2,0,0,,,,
1430502085.40316,public,warehouse,32873,200712,286367,286367,8,102443,0,100306,8,1689,386,7744838,2,288827,,,,
1430502085.40316,pg_catalog,pg_authid,346,346,8390,8390,0,0,0,0,1,0,31,8713,108,16672,,,,
1430502085.40316,pg_catalog,pg_statistic,2,830,19008,18811,92,584,0,239,491,121,86,20416,14,39019,48,5262,4,3560
1430502085.40316,pg_catalog,pg_opfamily,3,258,0,0,0,0,0,0,86,0,4,4,0,0,,,,
1430502085.40316,public,district,62657,4691360,392232,392232,80,209009,0,206426,80,2467,767,4020047,7,631035,,,,
1430502085.40316,pg_catalog,pg_shdescription,20,57,8,0,0,0,0,0,3,0,17,11,17,0,0,0,0,0
1430502085.40316,pg_catalog,pg_event_trigger,3,0,27,0,0,0,0,0,0,0,0,0,2,25,,,,
1430502085.40316,pg_catalog,pg_user_mapping,3,0,0,0,0,0,0,0,0,0,0,0,0,0,,,,
1430502085.40316,pg_catalog,pg_inherits,3,0,84,0,0,0,0,0,0,0,0,0,2,82,,,,
1430502085.40316,pg_toast,pg_toast_3596,0,0,0,0,0,0,0,0,0,0,0,0,0,0,,,,
1430502085.40316,pg_catalog,pg_rewrite,3,327,23,23,0,0,0,0,109,0,27,40,2,38,51,54,8,170
1430502085.40316,pg_catalog,pg_foreign_data_wrapper,3,0,0,0,0,0,0,0,0,0,0,0,0,0,,,,
1430502085.40316,pg_catalog,pg_largeobject_metadata,2,0,0,0,0,0,0,0,0,0,0,0,0,0,,,,
1430502085.40316,pg_catalog,pg_opclass,11,392,1407,20388,0,0,0,0,128,0,9,7670,12,1687,,,,
1430502085.40316,pg_catalog,pg_attrdef,3,0,0,0,0,0,0,0,0,0,0,0,0,0,0,0,0,0
1430502085.40316,pg_catalog,pg_default_acl,3,0,59,0,0,0,0,0,0,0,0,0,2,57,,,,
1430502085.40316,pg_catalog,pg_aggregate,2,266,165,165,0,0,0,0,133,0,5,166,2,248,,,,
1430502085.40316,pg_toast,pg_toast_12329,0,0,0,0,0,0,0,0,0,0,0,0,0,0,,,,
1430502085.40316,public,history,1,240000,,,342443,0,0,0,341657,0,6909,112249,,,,,,
1430502085.40316,public,stock,4,3200000,2781459,2260118,800000,1117966,0,0,820649,689234,264680,6534003,5102,11747837,,,,
1430502085.40316,public,orders,6,1440000,200474,218428,346566,95420,0,55436,345500,44152,7059,533181,2470,1486855,,,,
1430502085.40316,pg_catalog,pg_ts_dict,3,48,0,0,0,0,0,0,16,0,2,2,0,0,,,,
1430502085.40316,pg_catalog,pg_index,49,2371,4612,5361,27,0,17,0,123,17,13,4774,12,4995,,,,
1430502085.40316,public,order_line,4,9112860,209668,2565133,3396181,962150,0,331822,3385955,804166,188641,5183952,13430,5914426,,,,
1430502085.40316,pg_catalog,pg_tablespace,51,102,3181,3181,0,0,0,0,2,0,31,3209,61,6329,,,,
1430502085.40316,pg_toast,pg_toast_2619,0,0,3342,11478,128,0,67,0,61,67,48,5262,4,3560,,,,
1430502085.40316,public,customer,6,1440000,483667,1232527,240000,197863,0,148959,235743,54228,158523,1752127,2689,1758262,,,,
1430502085.40316,pg_catalog,pg_constraint,5,50,8,0,8,0,0,0,10,0,6,33,8,64,0,0,0,0
1430502085.40316,pg_toast,pg_toast_2618,0,0,77,241,0,0,0,0,0,0,51,54,4,85,,,,
1430502085.40316,pg_catalog,pg_cast,3,594,13069,2926,0,0,0,0,198,0,6,2928,6,13191,,,,
1430502085.40316,pg_catalog,pg_ts_config,3,48,0,0,0,0,0,0,16,0,2,2,0,0,,,,
1430502085.40316,pg_catalog,pg_ts_parser,3,3,0,0,0,0,0,0,1,0,2,2,0,0,,,,
1430502085.40316,pg_toast,pg_toast_2620,0,0,0,0,0,0,0,0,0,0,0,0,0,0,,,,
1430502085.40316,pg_toast,pg_toast_2396,0,0,0,0,0,0,0,0,0,0,0,0,0,0,,,,
1430502085.40316,pg_catalog,pg_largeobject,2,0,0,0,0,0,0,0,0,0,0,0,0,0,,,,
1430502085.40316,pg_catalog,pg_enum,4,0,0,0,0,0,0,0,0,0,0,0,0,0,,,,
1430502085.40316,pg_catalog,pg_foreign_table,2,0,0,0,0,0,0,0,0,0,0,0,0,0,,,,
1430502085.40316,pg_catalog,pg_collation,3,1806,0,0,0,0,0,0,602,0,38,38,0,0,,,,
1430502085.40316,pg_catalog,pg_am,196,208,0,0,0,0,0,0,5,0,3,194,0,0,,,,
1430502085.40316,pg_catalog,pg_proc,3,8073,4023,5324,6,0,0,0,2691,0,168,4753,33,8441,0,0,0,0
1430502085.40316,pg_catalog,pg_shdepend,24,24,2722,681,0,0,0,0,1,0,17,696,68,2832,,,,
1430502085.40316,pg_catalog,pg_language,4,16,10,10,0,0,0,0,4,0,2,13,4,18,,,,
1430502085.40316,pg_catalog,pg_range,2,12,2,0,0,0,0,0,6,0,2,1,2,2,,,,
1430502085.40316,pg_catalog,pg_attribute,48,7901,13630,48524,1401,20,1219,1,2491,0,146,20440,48,33196,,,,
1430502085.40316,public,item,4,400000,1119044,1117967,100000,0,0,0,100000,0,3845,1125769,276,2243194,,,,
1430502085.40316,pg_catalog,pg_database,1539,5972,58197,58179,9,0,8,0,4,0,8,59751,124,68664,,,,
1430502085.40316,public,new_order,4,288000,190840,182388,178566,0,86240,0,90858,15999,1644,6632451,965,1202651,,,,
1430502085.40316,pg_catalog,pg_conversion,4,528,0,0,0,0,0,0,132,0,6,9,0,0,,,,
1430502085.40316,pg_catalog,pg_type,3,1093,5401,5042,173,0,151,0,361,0,30,5447,20,11518,,,,
1430502085.40316,pg_catalog,pg_trigger,4,0,0,0,0,0,0,0,0,0,0,0,0,0,0,0,0,0
1430502085.40316,information_schema,sql_implementation_info,1,12,,,0,0,0,0,12,0,2,0,,,0,0,0,0
1430502085.40316,information_schema,sql_languages,1,4,,,0,0,0,0,4,0,2,0,,,0,0,0,0
1430502085.40316,pg_toast,pg_toast_12309,0,0,0,0,0,0,0,0,0,0,0,0,0,0,,,,
1430502085.40316,pg_toast,pg_toast_12334,0,0,0,0,0,0,0,0,0,0,0,0,0,0,,,,
1430502085.40316,pg_catalog,pg_amop,4,1744,1931,2567,0,0,0,0,436,0,12,2575,22,4098,,,,
1430502085.40316,pg_toast,pg_toast_1255,0,0,0,0,0,0,0,0,0,0,0,0,0,0,,,,
1430502085.40316,pg_toast,pg_toast_12314,0,0,0,0,0,0,0,0,0,0,0,0,0,0,,,,
1430502085.40316,pg_toast,pg_toast_12324,0,0,0,0,0,0,0,0,0,0,0,0,0,0,,,,
1430502085.40316,pg_catalog,pg_amproc,11,1048,890,1298,0,0,0,0,344,0,9,893,9,1953,,,,
1430502085.40316,pg_toast,pg_toast_2964,0,0,0,0,0,0,0,0,0,0,0,0,0,0,,,,
1430502085.40316,pg_catalog,pg_ts_template,3,15,0,0,0,0,0,0,5,0,2,2,0,0,,,,
1430502085.40316,pg_catalog,pg_db_role_setting,24,0,21176,0,0,0,0,0,0,0,0,0,31,21145,0,0,0,0
1430502085.40316,pg_toast,pg_toast_2609,0,0,0,0,0,0,0,0,0,0,0,0,0,0,,,,
1430502085.40316,information_schema,sql_parts,1,9,,,0,0,0,0,9,0,2,0,,,0,0,0,0
1430502085.40316,pg_catalog,pg_class,127,19194,15145,13599,122,324,101,68,316,0,34,15854,33,23575,,,,
1430502085.40316,pg_catalog,pg_seclabel,2,0,252,0,0,0,0,0,0,0,0,0,2,250,0,0,0,0
1430502085.40316,pg_catalog,pg_ts_config_map,2,608,0,0,0,0,0,0,304,0,4,2,0,0,,,,
1430502085.40316,information_schema,sql_sizing,1,23,,,0,0,0,0,23,0,2,0,,,0,0,0,0
1430502085.40316,pg_toast,pg_toast_12339,0,0,0,0,0,0,0,0,0,0,0,0,0,0,,,,
1430502085.40316,information_schema,sql_packages,1,10,,,0,0,0,0,10,0,2,0,,,0,0,0,0
1430502085.40316,pg_toast,pg_toast_2606,0,0,0,0,0,0,0,0,0,0,0,0,0,0,,,,
1430502085.40316,pg_catalog,pg_pltemplate,16,128,0,0,0,0,0,0,8,0,16,8,0,0,,,,
1430502085.40316,pg_catalog,pg_auth_members,24,0,0,0,0,0,0,0,0,0,0,0,0,0,,,,
1430502085.40316,pg_catalog,pg_depend,3,20120,2731,2507,348,0,256,0,6672,256,103,3172,39,6884,,,,
1430502085.40316,pg_toast,pg_toast_2604,0,0,0,0,0,0,0,0,0,0,0,0,0,0,,,,
1430502085.40316,pg_catalog,pg_shseclabel,16,0,8,0,0,0,0,0,0,0,0,0,8,0,,,,
1430502085.40316,information_schema,sql_features,1,672,,,0,0,0,0,672,0,14,0,,,0,0,0,0
1430502085.40316,pg_toast,pg_toast_12319,0,0,0,0,0,0,0,0,0,0,0,0,0,0,,,,
1430502085.40316,pg_catalog,pg_description,2,7372,252,0,0,0,0,0,3686,0,64,32,6,501,0,0,0,0
1430502085.40316,pg_catalog,pg_namespace,11,66,834,667,0,0,0,0,6,0,3,676,12,1014,,,,
1430502085.40316,information_schema,sql_sizing_profiles,1,0,,,0,0,0,0,0,0,0,0,,,0,0,0,0
1430502085.40316,pg_catalog,pg_foreign_server,3,0,0,0,0,0,0,0,0,0,0,0,0,0,,,,
1430502145.41417,pg_catalog,pg_operator,3,2295,2953,19783,0,0,0,0,765,0,42,13750,20,6227,,,,
1430502145.41417,pg_catalog,pg_extension,3,3,0,0,0,0,0,0,1,0,2,2,0,0,,,,
1430502145.41417,public,warehouse,32873,200712,401371,401371,8,140182,0,137279,7,10044,391,9292489,2,404677,,,,
1430502145.41417,pg_catalog,pg_authid,347,347,8401,8401,0,0,0,0,1,0,31,8725,108,16694,,,,
1430502145.41417,pg_catalog,pg_statistic,2,830,19756,19553,92,584,0,239,491,116,86,21158,14,40520,48,5262,4,3560
1430502145.41417,pg_catalog,pg_opfamily,3,258,0,0,0,0,0,0,86,0,4,4,0,0,,,,
1430502145.41417,public,district,62657,4691360,559931,559931,80,286274,0,283202,80,20423,767,4867783,7,983175,,,,
1430502145.41417,pg_catalog,pg_shdescription,20,57,8,0,0,0,0,0,3,0,17,11,17,0,0,0,0,0
1430502145.41417,pg_catalog,pg_event_trigger,3,0,27,0,0,0,0,0,0,0,0,0,2,25,,,,
1430502145.41417,pg_catalog,pg_user_mapping,3,0,0,0,0,0,0,0,0,0,0,0,0,0,,,,
1430502145.41417,pg_catalog,pg_inherits,3,0,84,0,0,0,0,0,0,0,0,0,2,82,,,,
1430502145.41417,pg_toast,pg_toast_3596,0,0,0,0,0,0,0,0,0,0,0,0,0,0,,,,
1430502145.41417,pg_catalog,pg_rewrite,3,327,30,30,0,0,0,0,109,0,27,47,2,50,51,61,8,186
1430502145.41417,pg_catalog,pg_foreign_data_wrapper,3,0,0,0,0,0,0,0,0,0,0,0,0,0,,,,
1430502145.41417,pg_catalog,pg_largeobject_metadata,2,0,0,0,0,0,0,0,0,0,0,0,0,0,,,,
1430502145.41417,pg_catalog,pg_opclass,11,392,1423,20571,0,0,0,0,128,0,9,7738,12,1711,,,,
1430502145.41417,pg_catalog,pg_attrdef,3,0,0,0,0,0,0,0,0,0,0,0,0,0,0,0,0,0
1430502145.41417,pg_catalog,pg_default_acl,3,0,59,0,0,0,0,0,0,0,0,0,2,57,,,,
1430502145.41417,pg_catalog,pg_aggregate,2,266,166,166,0,0,0,0,133,0,5,167,2,250,,,,
1430502145.41417,pg_toast,pg_toast_12329,0,0,0,0,0,0,0,0,0,0,0,0,0,0,,,,
1430502145.41417,public,history,1,240000,,,380182,0,0,0,379396,0,7325,150817,,,,,,
1430502145.41417,public,stock,4,3200000,3813935,3097083,800000,1531612,0,0,744643,126216,264944,8108607,5113,16120144,,,,
1430502145.41417,public,orders,6,1440000,270508,303322,386092,128700,0,79552,384621,56230,7428,715586,2996,1991298,,,,
1430502145.41417,pg_catalog,pg_ts_dict,3,48,0,0,0,0,0,0,16,0,2,2,0,0,,,,
1430502145.41417,pg_catalog,pg_index,54,2986,4888,5650,27,0,17,0,123,17,13,5065,12,5281,,,,
1430502145.41417,public,order_line,4,9112860,283198,3502745,3809827,1311008,0,535351,3795755,996736,194965,6689357,16691,7825867,,,,
1430502145.41417,pg_catalog,pg_tablespace,51,102,3186,3186,0,0,0,0,2,0,31,3214,61,6339,,,,
1430502145.41417,pg_toast,pg_toast_2619,0,0,3342,11478,128,0,67,0,61,67,48,5262,4,3560,,,,
1430502145.41417,public,customer,6,1440000,660226,1687803,240000,268882,0,217247,235743,68201,158802,2306399,2690,2310540,,,,
1430502145.41417,pg_catalog,pg_constraint,5,50,8,0,8,0,0,0,10,0,6,33,8,64,0,0,0,0
1430502145.41417,pg_toast,pg_toast_2618,0,0,82,257,0,0,0,0,0,0,51,61,4,93,,,,
1430502145.41417,pg_catalog,pg_cast,3,594,13138,2954,0,0,0,0,198,0,6,2956,6,13265,,,,
1430502145.41417,pg_catalog,pg_ts_config,3,48,0,0,0,0,0,0,16,0,2,2,0,0,,,,
1430502145.41417,pg_catalog,pg_ts_parser,3,3,0,0,0,0,0,0,1,0,2,2,0,0,,,,
1430502145.41417,pg_toast,pg_toast_2620,0,0,0,0,0,0,0,0,0,0,0,0,0,0,,,,
1430502145.41417,pg_toast,pg_toast_2396,0,0,0,0,0,0,0,0,0,0,0,0,0,0,,,,
1430502145.41417,pg_catalog,pg_largeobject,2,0,0,0,0,0,0,0,0,0,0,0,0,0,,,,
1430502145.41417,pg_catalog,pg_enum,4,0,0,0,0,0,0,0,0,0,0,0,0,0,,,,
1430502145.41417,pg_catalog,pg_foreign_table,2,0,0,0,0,0,0,0,0,0,0,0,0,0,,,,
1430502145.41417,pg_catalog,pg_collation,3,1806,0,0,0,0,0,0,602,0,38,38,0,0,,,,
1430502145.41417,pg_catalog,pg_am,201,213,0,0,0,0,0,0,5,0,3,199,0,0,,,,
1430502145.41417,pg_catalog,pg_proc,3,8073,4101,5437,6,0,0,0,2691,0,168,4846,33,8607,0,0,0,0
1430502145.41417,pg_catalog,pg_shdepend,24,24,2722,681,0,0,0,0,1,0,17,696,68,2832,,,,
1430502145.41417,pg_catalog,pg_language,4,16,10,10,0,0,0,0,4,0,2,13,4,18,,,,
1430502145.41417,pg_catalog,pg_range,2,12,2,0,0,0,0,0,6,0,2,1,2,2,,,,
1430502145.41417,pg_catalog,pg_attribute,48,7901,14225,51951,1401,20,1219,1,2491,0,146,21515,48,34393,,,,
1430502145.41417,public,item,4,400000,1533095,1531613,100000,0,0,0,100000,0,3845,1539415,276,3073290,,,,
1430502145.41417,pg_catalog,pg_database,1542,5984,58304,58286,9,0,8,0,4,0,8,59861,124,68785,,,,
1430502145.41417,public,new_order,4,288000,257400,246026,218092,0,116440,0,99779,46604,1644,7648175,1075,1745429,,,,
1430502145.41417,pg_catalog,pg_conversion,4,528,0,0,0,0,0,0,132,0,6,9,0,0,,,,
1430502145.41417,pg_catalog,pg_type,3,1093,5493,5134,173,0,151,0,361,0,30,5539,20,11707,,,,
1430502145.41417,pg_catalog,pg_trigger,4,0,0,0,0,0,0,0,0,0,0,0,0,0,0,0,0,0
1430502145.41417,information_schema,sql_implementation_info,1,12,,,0,0,0,0,12,0,2,0,,,0,0,0,0
1430502145.41417,information_schema,sql_languages,1,4,,,0,0,0,0,4,0,2,0,,,0,0,0,0
1430502145.41417,pg_toast,pg_toast_12309,0,0,0,0,0,0,0,0,0,0,0,0,0,0,,,,
1430502145.41417,pg_toast,pg_toast_12334,0,0,0,0,0,0,0,0,0,0,0,0,0,0,,,,
1430502145.41417,pg_catalog,pg_amop,4,1744,1964,2608,0,0,0,0,436,0,12,2616,22,4172,,,,
1430502145.41417,pg_toast,pg_toast_1255,0,0,0,0,0,0,0,0,0,0,0,0,0,0,,,,
1430502145.41417,pg_toast,pg_toast_12314,0,0,0,0,0,0,0,0,0,0,0,0,0,0,,,,
1430502145.41417,pg_toast,pg_toast_12324,0,0,0,0,0,0,0,0,0,0,0,0,0,0,,,,
1430502145.41417,pg_catalog,pg_amproc,11,1048,905,1321,0,0,0,0,344,0,9,908,9,1988,,,,
1430502145.41417,pg_toast,pg_toast_2964,0,0,0,0,0,0,0,0,0,0,0,0,0,0,,,,
1430502145.41417,pg_catalog,pg_ts_template,3,15,0,0,0,0,0,0,5,0,2,2,0,0,,,,
1430502145.41417,pg_catalog,pg_db_role_setting,24,0,21204,0,0,0,0,0,0,0,0,0,31,21173,0,0,0,0
1430502145.41417,pg_toast,pg_toast_2609,0,0,0,0,0,0,0,0,0,0,0,0,0,0,,,,
1430502145.41417,information_schema,sql_parts,1,9,,,0,0,0,0,9,0,2,0,,,0,0,0,0
1430502145.41417,pg_catalog,pg_class,133,21090,16324,14655,122,324,101,68,316,0,34,16959,33,25015,,,,
1430502145.41417,pg_catalog,pg_seclabel,2,0,252,0,0,0,0,0,0,0,0,0,2,250,0,0,0,0
1430502145.41417,pg_catalog,pg_ts_config_map,2,608,0,0,0,0,0,0,304,0,4,2,0,0,,,,
1430502145.41417,information_schema,sql_sizing,1,23,,,0,0,0,0,23,0,2,0,,,0,0,0,0
1430502145.41417,pg_toast,pg_toast_12339,0,0,0,0,0,0,0,0,0,0,0,0,0,0,,,,
1430502145.41417,information_schema,sql_packages,1,10,,,0,0,0,0,10,0,2,0,,,0,0,0,0
1430502145.41417,pg_toast,pg_toast_2606,0,0,0,0,0,0,0,0,0,0,0,0,0,0,,,,
1430502145.41417,pg_catalog,pg_pltemplate,16,128,0,0,0,0,0,0,8,0,16,8,0,0,,,,
1430502145.41417,pg_catalog,pg_auth_members,24,0,0,0,0,0,0,0,0,0,0,0,0,0,,,,
1430502145.41417,pg_catalog,pg_depend,3,20120,2731,2507,348,0,256,0,6672,256,103,3172,39,6884,,,,
1430502145.41417,pg_toast,pg_toast_2604,0,0,0,0,0,0,0,0,0,0,0,0,0,0,,,,
1430502145.41417,pg_catalog,pg_shseclabel,16,0,8,0,0,0,0,0,0,0,0,0,8,0,,,,
1430502145.41417,information_schema,sql_features,1,672,,,0,0,0,0,672,0,14,0,,,0,0,0,0
1430502145.41417,pg_toast,pg_toast_12319,0,0,0,0,0,0,0,0,0,0,0,0,0,0,,,,
1430502145.41417,pg_catalog,pg_description,2,7372,252,0,0,0,0,0,3686,0,64,32,6,501,0,0,0,0
1430502145.41417,pg_catalog,pg_namespace,13,78,972,800,0,0,0,0,6,0,3,811,12,1159,,,,
1430502145.41417,information_schema,sql_sizing_profiles,1,0,,,0,0,0,0,0,0,0,0,,,0,0,0,0
1430502145.41417,pg_catalog,pg_foreign_server,3,0,0,0,0,0,0,0,0,0,0,0,0,0,,,,
1430502205.4329,pg_catalog,pg_operator,3,2295,2970,19800,0,0,0,0,765,0,42,13767,20,6269,,,,
1430502205.4329,pg_catalog,pg_extension,3,3,0,0,0,0,0,0,1,0,2,2,0,0,,,,
1430502205.4329,public,warehouse,32873,200712,499187,499187,8,172305,0,168793,7,15861,391,12666543,2,503182,,,,
1430502205.4329,pg_catalog,pg_authid,348,348,8411,8411,0,0,0,0,1,0,31,8736,108,16714,,,,
1430502205.4329,pg_catalog,pg_statistic,2,830,22741,22532,92,584,0,239,491,113,86,24137,14,46495,48,6382,4,4440
1430502205.4329,pg_catalog,pg_opfamily,3,258,0,0,0,0,0,0,86,0,4,4,0,0,,,,
1430502205.4329,public,district,62657,4691360,701153,701153,80,351967,0,347665,80,32338,870,6249090,7,1281888,,,,
1430502205.4329,pg_catalog,pg_shdescription,20,57,8,0,0,0,0,0,3,0,17,11,17,0,0,0,0,0
1430502205.4329,pg_catalog,pg_event_trigger,3,0,27,0,0,0,0,0,0,0,0,0,2,25,,,,
1430502205.4329,pg_catalog,pg_user_mapping,3,0,0,0,0,0,0,0,0,0,0,0,0,0,,,,
1430502205.4329,pg_catalog,pg_inherits,3,0,84,0,0,0,0,0,0,0,0,0,2,82,,,,
1430502205.4329,pg_toast,pg_toast_3596,0,0,0,0,0,0,0,0,0,0,0,0,0,0,,,,
1430502205.4329,pg_catalog,pg_rewrite,3,327,37,37,0,0,0,0,109,0,27,54,2,62,51,68,8,202
1430502205.4329,pg_catalog,pg_foreign_data_wrapper,3,0,0,0,0,0,0,0,0,0,0,0,0,0,,,,
1430502205.4329,pg_catalog,pg_largeobject_metadata,2,0,0,0,0,0,0,0,0,0,0,0,0,0,,,,
1430502205.4329,pg_catalog,pg_opclass,11,392,1440,20755,0,0,0,0,128,0,9,7807,12,1737,,,,
1430502205.4329,pg_catalog,pg_attrdef,3,0,0,0,0,0,0,0,0,0,0,0,0,0,0,0,0,0
1430502205.4329,pg_catalog,pg_default_acl,3,0,59,0,0,0,0,0,0,0,0,0,2,57,,,,
1430502205.4329,pg_catalog,pg_aggregate,2,266,167,167,0,0,0,0,133,0,5,168,2,252,,,,
1430502205.4329,pg_toast,pg_toast_12329,0,0,0,0,0,0,0,0,0,0,0,0,0,0,,,,
1430502205.4329,public,history,1,240000,,,412305,0,0,0,411519,0,7692,183674,,,,,,
1430502205.4329,public,stock,4,3200000,4670802,3809227,800000,1884218,0,0,784107,529828,265016,10649719,5113,19776564,,,,
1430502205.4329,public,orders,6,1440000,333606,383233,419662,158740,0,93867,417839,75324,7824,898940,3390,2478218,,,,
1430502205.4329,pg_catalog,pg_ts_dict,3,48,0,0,0,0,0,0,16,0,2,2,0,0,,,,
1430502205.4329,pg_catalog,pg_index,59,3601,5405,6180,27,0,17,0,123,17,13,5597,12,5809,,,,
1430502205.4329,public,order_line,4,9112860,349200,4315157,4162433,1626088,0,632208,2892517,380731,198043,8417283,19651,9749760,,,,
1430502205.4329,pg_catalog,pg_tablespace,51,102,3191,3191,0,0,0,0,2,0,31,3219,61,6349,,,,
1430502205.4329,pg_toast,pg_toast_2619,0,0,4222,13318,128,0,67,0,61,67,48,6382,4,4440,,,,
1430502205.4329,public,customer,6,1440000,812157,2077131,240000,331045,0,270184,235743,95380,159675,2839893,2691,2827015,,,,
1430502205.4329,pg_catalog,pg_constraint,5,50,8,0,8,0,0,0,10,0,6,33,8,64,0,0,0,0
1430502205.4329,pg_toast,pg_toast_2618,0,0,87,273,0,0,0,0,0,0,51,68,4,101,,,,
1430502205.4329,pg_catalog,pg_cast,3,594,13207,2982,0,0,0,0,198,0,6,2984,6,13339,,,,
1430502205.4329,pg_catalog,pg_ts_config,3,48,0,0,0,0,0,0,16,0,2,2,0,0,,,,
1430502205.4329,pg_catalog,pg_ts_parser,3,3,0,0,0,0,0,0,1,0,2,2,0,0,,,,
1430502205.4329,pg_toast,pg_toast_2620,0,0,0,0,0,0,0,0,0,0,0,0,0,0,,,,
1430502205.4329,pg_toast,pg_toast_2396,0,0,0,0,0,0,0,0,0,0,0,0,0,0,,,,
1430502205.4329,pg_catalog,pg_largeobject,2,0,0,0,0,0,0,0,0,0,0,0,0,0,,,,
1430502205.4329,pg_catalog,pg_enum,4,0,0,0,0,0,0,0,0,0,0,0,0,0,,,,
1430502205.4329,pg_catalog,pg_foreign_table,2,0,0,0,0,0,0,0,0,0,0,0,0,0,,,,
1430502205.4329,pg_catalog,pg_collation,3,1806,0,0,0,0,0,0,602,0,38,38,0,0,,,,
1430502205.4329,pg_catalog,pg_am,207,219,0,0,0,0,0,0,5,0,3,205,0,0,,,,
1430502205.4329,pg_catalog,pg_proc,3,8073,4179,5550,6,0,0,0,2691,0,168,4939,33,8773,0,0,0,0
1430502205.4329,pg_catalog,pg_shdepend,24,24,2722,681,0,0,0,0,1,0,17,696,68,2832,,,,
1430502205.4329,pg_catalog,pg_language,4,16,10,10,0,0,0,0,4,0,2,13,4,18,,,,
1430502205.4329,pg_catalog,pg_range,2,12,2,0,0,0,0,0,6,0,2,1,2,2,,,,
1430502205.4329,pg_catalog,pg_attribute,48,7901,15142,58183,1401,20,1219,1,2491,0,146,23152,48,36235,,,,
1430502205.4329,public,item,4,400000,1886053,1884219,100000,0,0,0,100000,0,3845,1892021,276,3780875,,,,
1430502205.4329,pg_catalog,pg_database,1544,5992,58409,58391,9,0,8,0,4,0,8,59968,124,68902,,,,
1430502205.4329,public,new_order,4,288000,317480,303339,251662,0,143410,0,106027,73926,1744,11453308,1318,2385150,,,,
1430502205.4329,pg_catalog,pg_conversion,4,528,0,0,0,0,0,0,132,0,6,9,0,0,,,,
1430502205.4329,pg_catalog,pg_type,3,1093,5585,5226,173,0,151,0,361,0,30,5631,20,11896,,,,
1430502205.4329,pg_catalog,pg_trigger,4,0,0,0,0,0,0,0,0,0,0,0,0,0,0,0,0,0
1430502205.4329,information_schema,sql_implementation_info,1,12,,,0,0,0,0,12,0,2,0,,,0,0,0,0
1430502205.4329,information_schema,sql_languages,1,4,,,0,0,0,0,4,0,2,0,,,0,0,0,0
1430502205.4329,pg_toast,pg_toast_12309,0,0,0,0,0,0,0,0,0,0,0,0,0,0,,,,
1430502205.4329,pg_toast,pg_toast_12334,0,0,0,0,0,0,0,0,0,0,0,0,0,0,,,,
1430502205.4329,pg_catalog,pg_amop,4,1744,1997,2649,0,0,0,0,436,0,12,2657,22,4246,,,,
1430502205.4329,pg_toast,pg_toast_1255,0,0,0,0,0,0,0,0,0,0,0,0,0,0,,,,
1430502205.4329,pg_toast,pg_toast_12314,0,0,0,0,0,0,0,0,0,0,0,0,0,0,,,,
1430502205.4329,pg_toast,pg_toast_12324,0,0,0,0,0,0,0,0,0,0,0,0,0,0,,,,
1430502205.4329,pg_catalog,pg_amproc,11,1048,921,1346,0,0,0,0,344,0,9,924,9,2026,,,,
1430502205.4329,pg_toast,pg_toast_2964,0,0,0,0,0,0,0,0,0,0,0,0,0,0,,,,
1430502205.4329,pg_catalog,pg_ts_template,3,15,0,0,0,0,0,0,5,0,2,2,0,0,,,,
1430502205.4329,pg_catalog,pg_db_role_setting,24,0,21228,0,0,0,0,0,0,0,0,0,31,21197,0,0,0,0
1430502205.4329,pg_toast,pg_toast_2609,0,0,0,0,0,0,0,0,0,0,0,0,0,0,,,,
1430502205.4329,information_schema,sql_parts,1,9,,,0,0,0,0,9,0,2,0,,,0,0,0,0
1430502205.4329,pg_catalog,pg_class,139,22986,18305,16513,122,324,101,68,316,0,34,18866,33,27498,,,,
1430502205.4329,pg_catalog,pg_seclabel,2,0,252,0,0,0,0,0,0,0,0,0,2,250,0,0,0,0
1430502205.4329,pg_catalog,pg_ts_config_map,2,608,0,0,0,0,0,0,304,0,4,2,0,0,,,,
1430502205.4329,information_schema,sql_sizing,1,23,,,0,0,0,0,23,0,2,0,,,0,0,0,0
1430502205.4329,pg_toast,pg_toast_12339,0,0,0,0,0,0,0,0,0,0,0,0,0,0,,,,
1430502205.4329,information_schema,sql_packages,1,10,,,0,0,0,0,10,0,2,0,,,0,0,0,0
1430502205.4329,pg_toast,pg_toast_2606,0,0,0,0,0,0,0,0,0,0,0,0,0,0,,,,
1430502205.4329,pg_catalog,pg_pltemplate,16,128,0,0,0,0,0,0,8,0,16,8,0,0,,,,
1430502205.4329,pg_catalog,pg_auth_members,24,0,0,0,0,0,0,0,0,0,0,0,0,0,,,,
1430502205.4329,pg_catalog,pg_depend,3,20120,2731,2507,348,0,256,0,6672,256,103,3172,39,6884,,,,
1430502205.4329,pg_toast,pg_toast_2604,0,0,0,0,0,0,0,0,0,0,0,0,0,0,,,,
1430502205.4329,pg_catalog,pg_shseclabel,16,0,8,0,0,0,0,0,0,0,0,0,8,0,,,,
1430502205.4329,information_schema,sql_features,1,672,,,0,0,0,0,672,0,14,0,,,0,0,0,0
1430502205.4329,pg_toast,pg_toast_12319,0,0,0,0,0,0,0,0,0,0,0,0,0,0,,,,
1430502205.4329,pg_catalog,pg_description,2,7372,252,0,0,0,0,0,3686,0,64,32,6,501,0,0,0,0
1430502205.4329,pg_catalog,pg_namespace,15,90,1110,933,0,0,0,0,6,0,3,946,12,1304,,,,
1430502205.4329,information_schema,sql_sizing_profiles,1,0,,,0,0,0,0,0,0,0,0,,,0,0,0,0
1430502205.4329,pg_catalog,pg_foreign_server,3,0,0,0,0,0,0,0,0,0,0,0,0,0,,,,
1430502265.46591,pg_catalog,pg_operator,3,2295,3004,19834,0,0,0,0,765,0,42,13801,20,6348,,,,
1430502265.46591,pg_catalog,pg_extension,3,3,0,0,0,0,0,0,1,0,2,2,0,0,,,,
1430502265.46591,public,warehouse,32873,200712,590316,590316,8,202146,0,198090,8,7054,391,16792160,2,594938,,,,
1430502265.46591,pg_catalog,pg_authid,349,349,8422,8422,0,0,0,0,1,0,31,8748,108,16736,,,,
1430502265.46591,pg_catalog,pg_statistic,2,830,28426,28211,92,730,0,325,491,39,100,30256,14,58077,67,7904,4,5519
1430502265.46591,pg_catalog,pg_opfamily,3,258,0,0,0,0,0,0,86,0,4,4,0,0,,,,
1430502265.46591,public,district,62657,4691360,832486,832485,80,413255,0,407490,80,13182,872,8094375,7,1560233,,,,
1430502265.46591,pg_catalog,pg_shdescription,20,57,8,0,0,0,0,0,3,0,17,11,17,0,0,0,0,0
1430502265.46591,pg_catalog,pg_event_trigger,3,0,27,0,0,0,0,0,0,0,0,0,2,25,,,,
1430502265.46591,pg_catalog,pg_user_mapping,3,0,0,0,0,0,0,0,0,0,0,0,0,0,,,,
1430502265.46591,pg_catalog,pg_inherits,3,0,84,0,0,0,0,0,0,0,0,0,2,82,,,,
1430502265.46591,pg_toast,pg_toast_3596,0,0,0,0,0,0,0,0,0,0,0,0,0,0,,,,
1430502265.46591,pg_catalog,pg_rewrite,3,327,44,44,0,0,0,0,109,0,27,61,2,74,51,75,8,218
1430502265.46591,pg_catalog,pg_foreign_data_wrapper,3,0,0,0,0,0,0,0,0,0,0,0,0,0,,,,
1430502265.46591,pg_catalog,pg_largeobject_metadata,2,0,0,0,0,0,0,0,0,0,0,0,0,0,,,,
1430502265.46591,pg_catalog,pg_opclass,13,394,1661,21874,0,0,0,0,128,0,9,8286,12,1973,,,,
1430502265.46591,pg_catalog,pg_attrdef,3,0,0,0,0,0,0,0,0,0,0,0,0,0,0,0,0,0
1430502265.46591,pg_catalog,pg_default_acl,3,0,59,0,0,0,0,0,0,0,0,0,2,57,,,,
1430502265.46591,pg_catalog,pg_aggregate,2,266,168,168,0,0,0,0,133,0,5,169,2,254,,,,
1430502265.46591,pg_toast,pg_toast_12329,0,0,0,0,0,0,0,0,0,0,0,0,0,0,,,,
1430502265.46591,public,history,1,240000,,,442146,0,0,0,440701,0,13220,217217,,,,,,
1430502265.46591,public,stock,4,3200000,5479746,4475844,800000,2214100,0,0,771380,416869,278673,14098529,6655,23223729,,,,
1430502265.46591,public,orders,6,1440000,390522,457962,451109,185810,0,103093,447052,9064,11002,1092760,4955,2950464,,,,
1430502265.46591,pg_catalog,pg_ts_dict,3,48,0,0,0,0,0,0,16,0,2,2,0,0,,,,
1430502265.46591,pg_catalog,pg_index,71,4223,6747,7777,27,0,17,0,123,17,13,6963,12,7168,,,,
1430502265.46591,public,order_line,4,9112860,408833,5060795,4492315,1910292,0,692634,4282461,850048,233953,10189045,27436,11619696,,,,
1430502265.46591,pg_catalog,pg_tablespace,51,102,3196,3196,0,0,0,0,2,0,31,3224,61,6359,,,,
1430502265.46591,pg_toast,pg_toast_2619,0,0,5239,15434,186,0,125,0,70,25,67,7904,4,5519,,,,
1430502265.46591,public,customer,6,1440000,952691,2433266,240000,387956,0,316898,236571,19880,169547,3383107,2693,3314942,,,,
1430502265.46591,pg_catalog,pg_constraint,5,50,8,0,8,0,0,0,10,0,6,33,8,64,0,0,0,0
1430502265.46591,pg_toast,pg_toast_2618,0,0,92,289,0,0,0,0,0,0,51,75,4,109,,,,
1430502265.46591,pg_catalog,pg_cast,3,594,13588,3067,0,0,0,0,198,0,6,3069,6,13728,,,,
1430502265.46591,pg_catalog,pg_ts_config,3,48,0,0,0,0,0,0,16,0,2,2,0,0,,,,
1430502265.46591,pg_catalog,pg_ts_parser,3,3,0,0,0,0,0,0,1,0,2,2,0,0,,,,
1430502265.46591,pg_toast,pg_toast_2620,0,0,0,0,0,0,0,0,0,0,0,0,0,0,,,,
1430502265.46591,pg_toast,pg_toast_2396,0,0,0,0,0,0,0,0,0,0,0,0,0,0,,,,
1430502265.46591,pg_catalog,pg_largeobject,2,0,0,0,0,0,0,0,0,0,0,0,0,0,,,,
1430502265.46591,pg_catalog,pg_enum,4,0,0,0,0,0,0,0,0,0,0,0,0,0,,,,
1430502265.46591,pg_catalog,pg_foreign_table,2,0,0,0,0,0,0,0,0,0,0,0,0,0,,,,
1430502265.46591,pg_catalog,pg_collation,3,1806,0,0,0,0,0,0,602,0,38,38,0,0,,,,
1430502265.46591,pg_catalog,pg_am,216,228,0,0,0,0,0,0,5,0,3,214,0,0,,,,
1430502265.46591,pg_catalog,pg_proc,3,8073,4257,5663,6,0,0,0,2691,0,168,5032,33,8939,0,0,0,0
1430502265.46591,pg_catalog,pg_shdepend,24,24,2722,681,0,0,0,0,1,0,17,696,68,2832,,,,
1430502265.46591,pg_catalog,pg_language,4,16,10,10,0,0,0,0,4,0,2,13,4,18,,,,
1430502265.46591,pg_catalog,pg_range,2,12,2,0,0,0,0,0,6,0,2,1,2,2,,,,
1430502265.46591,pg_catalog,pg_attribute,59,7976,17707,76153,1401,20,1219,1,2491,0,146,27341,48,41377,,,,
1430502265.46591,public,item,4,400000,2216229,2214101,100000,0,0,0,100000,0,3845,2221903,276,4442748,,,,
1430502265.46591,pg_catalog,pg_database,1547,6004,58516,58498,9,0,8,0,4,0,8,60078,124,69023,,,,
1430502265.46591,public,new_order,4,288000,371620,355065,283109,0,167940,0,112733,22547,2385,16350182,1711,2918545,,,,
1430502265.46591,pg_catalog,pg_conversion,4,528,0,0,0,0,0,0,132,0,6,9,0,0,,,,
1430502265.46591,pg_catalog,pg_type,3,1093,5697,5338,173,0,151,0,361,0,30,5743,20,12128,,,,
1430502265.46591,pg_catalog,pg_trigger,4,0,0,0,0,0,0,0,0,0,0,0,0,0,0,0,0,0
1430502265.46591,information_schema,sql_implementation_info,1,12,,,0,0,0,0,12,0,2,0,,,0,0,0,0
1430502265.46591,information_schema,sql_languages,1,4,,,0,0,0,0,4,0,2,0,,,0,0,0,0
1430502265.46591,pg_toast,pg_toast_12309,0,0,0,0,0,0,0,0,0,0,0,0,0,0,,,,
1430502265.46591,pg_toast,pg_toast_12334,0,0,0,0,0,0,0,0,0,0,0,0,0,0,,,,
1430502265.46591,pg_catalog,pg_amop,4,1744,2098,2761,0,0,0,0,436,0,12,2769,23,4461,,,,
1430502265.46591,pg_toast,pg_toast_1255,0,0,0,0,0,0,0,0,0,0,0,0,0,0,,,,
1430502265.46591,pg_toast,pg_toast_12314,0,0,0,0,0,0,0,0,0,0,0,0,0,0,,,,
1430502265.46591,pg_toast,pg_toast_12324,0,0,0,0,0,0,0,0,0,0,0,0,0,0,,,,
1430502265.46591,pg_catalog,pg_amproc,13,1052,1133,1645,0,0,0,0,344,0,9,1133,9,2459,,,,
1430502265.46591,pg_toast,pg_toast_2964,0,0,0,0,0,0,0,0,0,0,0,0,0,0,,,,
1430502265.46591,pg_catalog,pg_ts_template,3,15,0,0,0,0,0,0,5,0,2,2,0,0,,,,
1430502265.46591,pg_catalog,pg_db_role_setting,24,0,21256,0,0,0,0,0,0,0,0,0,31,21225,0,0,0,0
1430502265.46591,pg_toast,pg_toast_2609,0,0,0,0,0,0,0,0,0,0,0,0,0,0,,,,
1430502265.46591,information_schema,sql_parts,1,9,,,0,0,0,0,9,0,2,0,,,0,0,0,0
1430502265.46591,pg_catalog,pg_class,168,27788,23284,21369,122,324,101,68,316,0,34,23951,33,33703,,,,
1430502265.46591,pg_catalog,pg_seclabel,2,0,252,0,0,0,0,0,0,0,0,0,2,250,0,0,0,0
1430502265.46591,pg_catalog,pg_ts_config_map,2,608,0,0,0,0,0,0,304,0,4,2,0,0,,,,
1430502265.46591,information_schema,sql_sizing,1,23,,,0,0,0,0,23,0,2,0,,,0,0,0,0
1430502265.46591,pg_toast,pg_toast_12339,0,0,0,0,0,0,0,0,0,0,0,0,0,0,,,,
1430502265.46591,information_schema,sql_packages,1,10,,,0,0,0,0,10,0,2,0,,,0,0,0,0
1430502265.46591,pg_toast,pg_toast_2606,0,0,0,0,0,0,0,0,0,0,0,0,0,0,,,,
1430502265.46591,pg_catalog,pg_pltemplate,16,128,0,0,0,0,0,0,8,0,16,8,0,0,,,,
1430502265.46591,pg_catalog,pg_auth_members,24,0,0,0,0,0,0,0,0,0,0,0,0,0,,,,
1430502265.46591,pg_catalog,pg_depend,3,20120,2731,2507,348,0,256,0,6672,256,103,3172,39,6884,,,,
1430502265.46591,pg_toast,pg_toast_2604,0,0,0,0,0,0,0,0,0,0,0,0,0,0,,,,
1430502265.46591,pg_catalog,pg_shseclabel,16,0,8,0,0,0,0,0,0,0,0,0,8,0,,,,
1430502265.46591,information_schema,sql_features,1,672,,,0,0,0,0,672,0,14,0,,,0,0,0,0
1430502265.46591,pg_toast,pg_toast_12319,0,0,0,0,0,0,0,0,0,0,0,0,0,0,,,,
1430502265.46591,pg_catalog,pg_description,2,7372,252,0,0,0,0,0,3686,0,64,32,6,501,0,0,0,0
1430502265.46591,pg_catalog,pg_namespace,17,102,1253,1071,0,0,0,0,6,0,3,1086,12,1457,,,,
1430502265.46591,information_schema,sql_sizing_profiles,1,0,,,0,0,0,0,0,0,0,0,,,0,0,0,0
1430502265.46591,pg_catalog,pg_foreign_server,3,0,0,0,0,0,0,0,0,0,0,0,0,0,,,,
1430502325.52615,pg_catalog,pg_operator,3,2295,3027,19857,0,0,0,0,765,0,42,13824,20,6403,,,,
1430502325.52615,pg_catalog,pg_extension,3,3,0,0,0,0,0,0,1,0,2,2,0,0,,,,
1430502325.52615,public,warehouse,32873,200712,691484,691484,8,235306,0,230599,8,7903,391,19310632,2,696838,,,,
1430502325.52615,pg_catalog,pg_authid,350,350,8434,8434,0,0,0,0,1,0,31,8761,108,16760,,,,
1430502325.52615,pg_catalog,pg_statistic,2,830,31968,31747,92,801,0,380,491,89,101,33944,14,65200,71,9070,4,6186
1430502325.52615,pg_catalog,pg_opfamily,3,258,0,0,0,0,0,0,86,0,4,4,0,0,,,,
1430502325.52615,public,district,62657,4691360,978778,978777,80,481263,0,474511,80,16180,872,9567446,7,1868687,,,,
1430502325.52615,pg_catalog,pg_shdescription,20,57,8,0,0,0,0,0,3,0,17,11,17,0,0,0,0,0
1430502325.52615,pg_catalog,pg_event_trigger,3,0,27,0,0,0,0,0,0,0,0,0,2,25,,,,
1430502325.52615,pg_catalog,pg_user_mapping,3,0,0,0,0,0,0,0,0,0,0,0,0,0,,,,
1430502325.52615,pg_catalog,pg_inherits,3,0,84,0,0,0,0,0,0,0,0,0,2,82,,,,
1430502325.52615,pg_toast,pg_toast_3596,0,0,0,0,0,0,0,0,0,0,0,0,0,0,,,,
1430502325.52615,pg_catalog,pg_rewrite,3,327,51,51,0,0,0,0,109,0,27,68,2,86,51,82,8,234
1430502325.52615,pg_catalog,pg_foreign_data_wrapper,3,0,0,0,0,0,0,0,0,0,0,0,0,0,,,,
1430502325.52615,pg_catalog,pg_largeobject_metadata,2,0,0,0,0,0,0,0,0,0,0,0,0,0,,,,
1430502325.52615,pg_catalog,pg_opclass,13,394,1694,22332,0,0,0,0,128,0,9,8443,12,2015,,,,
1430502325.52615,pg_catalog,pg_attrdef,3,0,0,0,0,0,0,0,0,0,0,0,0,0,0,0,0,0
1430502325.52615,pg_catalog,pg_default_acl,3,0,59,0,0,0,0,0,0,0,0,0,2,57,,,,
1430502325.52615,pg_catalog,pg_aggregate,2,266,169,169,0,0,0,0,133,0,5,170,2,256,,,,
1430502325.52615,pg_toast,pg_toast_12329,0,0,0,0,0,0,0,0,0,0,0,0,0,0,,,,
1430502325.52615,public,history,1,240000,,,475306,0,0,0,473861,0,13579,251095,,,,,,
1430502325.52615,public,stock,4,3200000,6384922,5212341,800000,2578444,0,0,686773,107820,291925,16164911,8171,27067688,,,,
1430502325.52615,public,orders,6,1440000,455495,548620,485957,216720,0,119572,481575,24091,11002,1285927,5230,3442771,,,,
1430502325.52615,pg_catalog,pg_ts_dict,3,48,0,0,0,0,0,0,16,0,2,2,0,0,,,,
1430502325.52615,pg_catalog,pg_index,76,4838,7513,8638,27,0,17,0,123,17,13,7744,12,7945,,,,
1430502325.52615,public,order_line,4,9112860,476940,5917335,4856659,2234324,0,823708,4645015,224220,246092,11953585,35243,13532723,,,,
1430502325.52615,pg_catalog,pg_tablespace,51,102,3201,3201,0,0,0,0,2,0,31,3229,61,6369,,,,
1430502325.52615,pg_toast,pg_toast_2619,0,0,5770,18022,240,0,179,0,70,79,71,9070,4,6186,,,,
1430502325.52615,public,customer,6,1440000,1109782,2822493,240000,452026,0,376950,239317,48755,187651,3957770,4044,3818384,,,,
1430502325.52615,pg_catalog,pg_constraint,5,50,8,0,8,0,0,0,10,0,6,33,8,64,0,0,0,0
1430502325.52615,pg_toast,pg_toast_2618,0,0,97,305,0,0,0,0,0,0,51,82,4,117,,,,
1430502325.52615,pg_catalog,pg_cast,3,594,13771,3115,0,0,0,0,198,0,6,3117,6,13917,,,,
1430502325.52615,pg_catalog,pg_ts_config,3,48,0,0,0,0,0,0,16,0,2,2,0,0,,,,
1430502325.52615,pg_catalog,pg_ts_parser,3,3,0,0,0,0,0,0,1,0,2,2,0,0,,,,
1430502325.52615,pg_toast,pg_toast_2620,0,0,0,0,0,0,0,0,0,0,0,0,0,0,,,,
1430502325.52615,pg_toast,pg_toast_2396,0,0,0,0,0,0,0,0,0,0,0,0,0,0,,,,
1430502325.52615,pg_catalog,pg_largeobject,2,0,0,0,0,0,0,0,0,0,0,0,0,0,,,,
1430502325.52615,pg_catalog,pg_enum,4,0,0,0,0,0,0,0,0,0,0,0,0,0,,,,
1430502325.52615,pg_catalog,pg_foreign_table,2,0,0,0,0,0,0,0,0,0,0,0,0,0,,,,
1430502325.52615,pg_catalog,pg_collation,3,1806,0,0,0,0,0,0,602,0,38,38,0,0,,,,
1430502325.52615,pg_catalog,pg_am,221,233,0,0,0,0,0,0,5,0,3,219,0,0,,,,
1430502325.52615,pg_catalog,pg_proc,3,8073,4335,5776,6,0,0,0,2691,0,168,5125,33,9105,0,0,0,0
1430502325.52615,pg_catalog,pg_shdepend,24,24,2722,681,0,0,0,0,1,0,17,696,68,2832,,,,
1430502325.52615,pg_catalog,pg_language,4,16,10,10,0,0,0,0,4,0,2,13,4,18,,,,
1430502325.52615,pg_catalog,pg_range,2,12,2,0,0,0,0,0,6,0,2,1,2,2,,,,
1430502325.52615,pg_catalog,pg_attribute,59,7976,19110,84499,1401,20,1219,1,2491,0,146,29463,48,44190,,,,
1430502325.52615,public,item,4,400000,2580898,2578445,100000,0,0,0,100000,0,3845,2586247,276,5173828,,,,
1430502325.52615,pg_catalog,pg_database,1551,6020,58629,58611,9,0,8,0,4,0,8,60195,124,69152,,,,
1430502325.52615,public,new_order,4,288000,433440,413954,317957,0,195770,0,119613,26909,2547,18854957,1848,3326688,,,,
1430502325.52615,pg_catalog,pg_conversion,4,528,0,0,0,0,0,0,132,0,6,9,0,0,,,,
1430502325.52615,pg_catalog,pg_type,3,1093,5796,5437,173,0,151,0,361,0,30,5842,20,12332,,,,
1430502325.52615,pg_catalog,pg_trigger,4,0,0,0,0,0,0,0,0,0,0,0,0,0,0,0,0,0
1430502325.52615,information_schema,sql_implementation_info,1,12,,,0,0,0,0,12,0,2,0,,,0,0,0,0
1430502325.52615,information_schema,sql_languages,1,4,,,0,0,0,0,4,0,2,0,,,0,0,0,0
1430502325.52615,pg_toast,pg_toast_12309,0,0,0,0,0,0,0,0,0,0,0,0,0,0,,,,
1430502325.52615,pg_toast,pg_toast_12334,0,0,0,0,0,0,0,0,0,0,0,0,0,0,,,,
1430502325.52615,pg_catalog,pg_amop,4,1744,2155,2827,0,0,0,0,436,0,12,2835,23,4585,,,,
1430502325.52615,pg_toast,pg_toast_1255,0,0,0,0,0,0,0,0,0,0,0,0,0,0,,,,
1430502325.52615,pg_toast,pg_toast_12314,0,0,0,0,0,0,0,0,0,0,0,0,0,0,,,,
1430502325.52615,pg_toast,pg_toast_12324,0,0,0,0,0,0,0,0,0,0,0,0,0,0,,,,
1430502325.52615,pg_catalog,pg_amproc,13,1052,1162,1682,0,0,0,0,344,0,9,1159,9,2522,,,,
1430502325.52615,pg_toast,pg_toast_2964,0,0,0,0,0,0,0,0,0,0,0,0,0,0,,,,
1430502325.52615,pg_catalog,pg_ts_template,3,15,0,0,0,0,0,0,5,0,2,2,0,0,,,,
1430502325.52615,pg_catalog,pg_db_role_setting,24,0,21288,0,0,0,0,0,0,0,0,0,31,21257,0,0,0,0
1430502325.52615,pg_toast,pg_toast_2609,0,0,0,0,0,0,0,0,0,0,0,0,0,0,,,,
1430502325.52615,information_schema,sql_parts,1,9,,,0,0,0,0,9,0,2,0,,,0,0,0,0
1430502325.52615,pg_catalog,pg_class,178,30649,25989,23951,122,324,101,68,316,0,34,26633,33,37053,,,,
1430502325.52615,pg_catalog,pg_seclabel,2,0,252,0,0,0,0,0,0,0,0,0,2,250,0,0,0,0
1430502325.52615,pg_catalog,pg_ts_config_map,2,608,0,0,0,0,0,0,304,0,4,2,0,0,,,,
1430502325.52615,information_schema,sql_sizing,1,23,,,0,0,0,0,23,0,2,0,,,0,0,0,0
1430502325.52615,pg_toast,pg_toast_12339,0,0,0,0,0,0,0,0,0,0,0,0,0,0,,,,
1430502325.52615,information_schema,sql_packages,1,10,,,0,0,0,0,10,0,2,0,,,0,0,0,0
1430502325.52615,pg_toast,pg_toast_2606,0,0,0,0,0,0,0,0,0,0,0,0,0,0,,,,
1430502325.52615,pg_catalog,pg_pltemplate,16,128,0,0,0,0,0,0,8,0,16,8,0,0,,,,
1430502325.52615,pg_catalog,pg_auth_members,24,0,0,0,0,0,0,0,0,0,0,0,0,0,,,,
1430502325.52615,pg_catalog,pg_depend,3,20120,2731,2507,348,0,256,0,6672,256,103,3172,39,6884,,,,
1430502325.52615,pg_toast,pg_toast_2604,0,0,0,0,0,0,0,0,0,0,0,0,0,0,,,,
1430502325.52615,pg_catalog,pg_shseclabel,16,0,8,0,0,0,0,0,0,0,0,0,8,0,,,,
1430502325.52615,information_schema,sql_features,1,672,,,0,0,0,0,672,0,14,0,,,0,0,0,0
1430502325.52615,pg_toast,pg_toast_12319,0,0,0,0,0,0,0,0,0,0,0,0,0,0,,,,
1430502325.52615,pg_catalog,pg_description,2,7372,252,0,0,0,0,0,3686,0,64,32,6,501,0,0,0,0
1430502325.52615,pg_catalog,pg_namespace,19,114,1392,1205,0,0,0,0,6,0,3,1222,12,1604,,,,
1430502325.52615,information_schema,sql_sizing_profiles,1,0,,,0,0,0,0,0,0,0,0,,,0,0,0,0
1430502325.52615,pg_catalog,pg_foreign_server,3,0,0,0,0,0,0,0,0,0,0,0,0,0,,,,
1430502385.51865,pg_catalog,pg_operator,3,2295,3049,19879,0,0,0,0,765,0,42,13846,20,6456,,,,
1430502385.51865,pg_catalog,pg_extension,3,3,0,0,0,0,0,0,1,0,2,2,0,0,,,,
1430502385.51865,public,warehouse,32873,200712,804676,804676,8,272442,0,266998,8,2128,391,20748308,2,810848,,,,
1430502385.51865,pg_catalog,pg_authid,351,351,8446,8446,0,0,0,0,1,0,31,8774,108,16784,,,,
1430502385.51865,pg_catalog,pg_statistic,2,830,37233,37006,92,841,0,409,491,101,101,39275,14,75758,71,11245,4,8003
1430502385.51865,pg_catalog,pg_opfamily,3,258,0,0,0,0,0,0,86,0,4,4,0,0,,,,
1430502385.51865,public,district,62657,4691360,1143086,1143073,80,557319,0,550112,80,499,872,10126494,7,2214030,,,,
1430502385.51865,pg_catalog,pg_shdescription,20,57,8,0,0,0,0,0,3,0,17,11,17,0,0,0,0,0
1430502385.51865,pg_catalog,pg_event_trigger,3,0,27,0,0,0,0,0,0,0,0,0,2,25,,,,
1430502385.51865,pg_catalog,pg_user_mapping,3,0,0,0,0,0,0,0,0,0,0,0,0,0,,,,
1430502385.51865,pg_catalog,pg_inherits,3,0,84,0,0,0,0,0,0,0,0,0,2,82,,,,
1430502385.51865,pg_toast,pg_toast_3596,0,0,0,0,0,0,0,0,0,0,0,0,0,0,,,,
1430502385.51865,pg_catalog,pg_rewrite,3,327,58,58,0,0,0,0,109,0,27,75,2,98,51,89,8,250
1430502385.51865,pg_catalog,pg_foreign_data_wrapper,3,0,0,0,0,0,0,0,0,0,0,0,0,0,,,,
1430502385.51865,pg_catalog,pg_largeobject_metadata,2,0,0,0,0,0,0,0,0,0,0,0,0,0,,,,
1430502385.51865,pg_catalog,pg_opclass,13,394,1723,22743,0,0,0,0,128,0,9,8584,12,2054,,,,
1430502385.51865,pg_catalog,pg_attrdef,3,0,0,0,0,0,0,0,0,0,0,0,0,0,0,0,0,0
1430502385.51865,pg_catalog,pg_default_acl,3,0,59,0,0,0,0,0,0,0,0,0,2,57,,,,
1430502385.51865,pg_catalog,pg_aggregate,2,266,170,170,0,0,0,0,133,0,5,171,2,258,,,,
1430502385.51865,pg_toast,pg_toast_12329,0,0,0,0,0,0,0,0,0,0,0,0,0,0,,,,
1430502385.51865,public,history,1,240000,,,512442,0,0,0,510997,0,14006,289085,,,,,,
1430502385.51865,public,stock,4,3200000,7397835,6037215,800000,2986284,0,0,751497,153979,302472,17837894,9686,31368870,,,,
1430502385.51865,public,orders,6,1440000,528007,654399,524877,251210,0,143840,520119,32767,11224,1493407,5690,3957329,,,,
1430502385.51865,pg_catalog,pg_ts_dict,3,48,0,0,0,0,0,0,16,0,2,2,0,0,,,,
1430502385.51865,pg_catalog,pg_index,81,5453,8337,9475,27,0,17,0,123,17,13,8583,12,8781,,,,
1430502385.51865,public,order_line,4,9112860,552812,6875584,5264499,2596759,0,1009789,5049271,461805,247476,13635711,38338,15527402,,,,
1430502385.51865,pg_catalog,pg_tablespace,51,102,3206,3206,0,0,0,0,2,0,31,3234,61,6379,,,,
1430502385.51865,pg_toast,pg_toast_2619,0,0,7563,21748,263,0,202,0,70,102,71,11245,4,8003,,,,
1430502385.51865,public,customer,6,1440000,1285422,3261824,240000,523652,0,446631,239317,50871,187651,4510256,4044,4362853,,,,
1430502385.51865,pg_catalog,pg_constraint,5,50,8,0,8,0,0,0,10,0,6,33,8,64,0,0,0,0
1430502385.51865,pg_toast,pg_toast_2618,0,0,102,321,0,0,0,0,0,0,51,89,4,125,,,,
1430502385.51865,pg_catalog,pg_cast,3,594,13924,3160,0,0,0,0,198,0,6,3162,6,14076,,,,
1430502385.51865,pg_catalog,pg_ts_config,3,48,0,0,0,0,0,0,16,0,2,2,0,0,,,,
1430502385.51865,pg_catalog,pg_ts_parser,3,3,0,0,0,0,0,0,1,0,2,2,0,0,,,,
1430502385.51865,pg_toast,pg_toast_2620,0,0,0,0,0,0,0,0,0,0,0,0,0,0,,,,
1430502385.51865,pg_toast,pg_toast_2396,0,0,0,0,0,0,0,0,0,0,0,0,0,0,,,,
1430502385.51865,pg_catalog,pg_largeobject,2,0,0,0,0,0,0,0,0,0,0,0,0,0,,,,
1430502385.51865,pg_catalog,pg_enum,4,0,0,0,0,0,0,0,0,0,0,0,0,0,,,,
1430502385.51865,pg_catalog,pg_foreign_table,2,0,0,0,0,0,0,0,0,0,0,0,0,0,,,,
1430502385.51865,pg_catalog,pg_collation,3,1806,0,0,0,0,0,0,602,0,38,38,0,0,,,,
1430502385.51865,pg_catalog,pg_am,227,239,0,0,0,0,0,0,5,0,3,225,0,0,,,,
1430502385.51865,pg_catalog,pg_proc,3,8073,4413,5889,6,0,0,0,2691,0,168,5218,33,9271,0,0,0,0
1430502385.51865,pg_catalog,pg_shdepend,24,24,2722,681,0,0,0,0,1,0,17,696,68,2832,,,,
1430502385.51865,pg_catalog,pg_language,4,16,10,10,0,0,0,0,4,0,2,13,4,18,,,,
1430502385.51865,pg_catalog,pg_range,2,12,2,0,0,0,0,0,6,0,2,1,2,2,,,,
1430502385.51865,pg_catalog,pg_attribute,59,7976,20537,94386,1401,20,1219,1,2491,0,146,31841,48,47052,,,,
1430502385.51865,public,item,4,400000,2989114,2986285,100000,0,0,0,100000,0,3845,2994087,276,5992185,,,,
1430502385.51865,pg_catalog,pg_database,1555,6036,58742,58724,9,0,8,0,4,0,8,60312,124,69281,,,,
1430502385.51865,public,new_order,4,288000,502420,479713,356877,0,226930,0,127072,30332,2709,19942734,1985,3793844,,,,
1430502385.51865,pg_catalog,pg_conversion,4,528,0,0,0,0,0,0,132,0,6,9,0,0,,,,
1430502385.51865,pg_catalog,pg_type,3,1093,5894,5535,173,0,151,0,361,0,30,5940,20,12534,,,,
1430502385.51865,pg_catalog,pg_trigger,4,0,0,0,0,0,0,0,0,0,0,0,0,0,0,0,0,0
1430502385.51865,information_schema,sql_implementation_info,1,12,,,0,0,0,0,12,0,2,0,,,0,0,0,0
1430502385.51865,information_schema,sql_languages,1,4,,,0,0,0,0,4,0,2,0,,,0,0,0,0
1430502385.51865,pg_toast,pg_toast_12309,0,0,0,0,0,0,0,0,0,0,0,0,0,0,,,,
1430502385.51865,pg_toast,pg_toast_12334,0,0,0,0,0,0,0,0,0,0,0,0,0,0,,,,
1430502385.51865,pg_catalog,pg_amop,4,1744,2208,2889,0,0,0,0,436,0,12,2897,23,4701,,,,
1430502385.51865,pg_toast,pg_toast_1255,0,0,0,0,0,0,0,0,0,0,0,0,0,0,,,,
1430502385.51865,pg_toast,pg_toast_12314,0,0,0,0,0,0,0,0,0,0,0,0,0,0,,,,
1430502385.51865,pg_toast,pg_toast_12324,0,0,0,0,0,0,0,0,0,0,0,0,0,0,,,,
1430502385.51865,pg_catalog,pg_amproc,13,1052,1188,1716,0,0,0,0,344,0,9,1182,9,2580,,,,
1430502385.51865,pg_toast,pg_toast_2964,0,0,0,0,0,0,0,0,0,0,0,0,0,0,,,,
1430502385.51865,pg_catalog,pg_ts_template,3,15,0,0,0,0,0,0,5,0,2,2,0,0,,,,
1430502385.51865,pg_catalog,pg_db_role_setting,24,0,21320,0,0,0,0,0,0,0,0,0,31,21289,0,0,0,0
1430502385.51865,pg_toast,pg_toast_2609,0,0,0,0,0,0,0,0,0,0,0,0,0,0,,,,
1430502385.51865,information_schema,sql_parts,1,9,,,0,0,0,0,9,0,2,0,,,0,0,0,0
1430502385.51865,pg_catalog,pg_class,188,33510,29035,26874,122,324,101,68,316,0,34,29649,33,40892,,,,
1430502385.51865,pg_catalog,pg_seclabel,2,0,252,0,0,0,0,0,0,0,0,0,2,250,0,0,0,0
1430502385.51865,pg_catalog,pg_ts_config_map,2,608,0,0,0,0,0,0,304,0,4,2,0,0,,,,
1430502385.51865,information_schema,sql_sizing,1,23,,,0,0,0,0,23,0,2,0,,,0,0,0,0
1430502385.51865,pg_toast,pg_toast_12339,0,0,0,0,0,0,0,0,0,0,0,0,0,0,,,,
1430502385.51865,information_schema,sql_packages,1,10,,,0,0,0,0,10,0,2,0,,,0,0,0,0
1430502385.51865,pg_toast,pg_toast_2606,0,0,0,0,0,0,0,0,0,0,0,0,0,0,,,,
1430502385.51865,pg_catalog,pg_pltemplate,16,128,0,0,0,0,0,0,8,0,16,8,0,0,,,,
1430502385.51865,pg_catalog,pg_auth_members,24,0,0,0,0,0,0,0,0,0,0,0,0,0,,,,
1430502385.51865,pg_catalog,pg_depend,3,20120,2731,2507,348,0,256,0,6672,256,103,3172,39,6884,,,,
1430502385.51865,pg_toast,pg_toast_2604,0,0,0,0,0,0,0,0,0,0,0,0,0,0,,,,
1430502385.51865,pg_catalog,pg_shseclabel,16,0,8,0,0,0,0,0,0,0,0,0,8,0,,,,
1430502385.51865,information_schema,sql_features,1,672,,,0,0,0,0,672,0,14,0,,,0,0,0,0
1430502385.51865,pg_toast,pg_toast_12319,0,0,0,0,0,0,0,0,0,0,0,0,0,0,,,,
1430502385.51865,pg_catalog,pg_description,2,7372,252,0,0,0,0,0,3686,0,64,32,6,501,0,0,0,0
1430502385.51865,pg_catalog,pg_namespace,21,126,1531,1339,0,0,0,0,6,0,3,1358,12,1751,,,,
1430502385.51865,information_schema,sql_sizing_profiles,1,0,,,0,0,0,0,0,0,0,0,,,0,0,0,0
1430502385.51865,pg_catalog,pg_foreign_server,3,0,0,0,0,0,0,0,0,0,0,0,0,0,,,,
1430502445.55903,pg_catalog,pg_operator,3,2295,3075,19905,0,0,0,0,765,0,42,13872,20,6520,,,,
1430502445.55903,pg_catalog,pg_extension,3,3,0,0,0,0,0,0,1,0,2,2,0,0,,,,
1430502445.55903,public,warehouse,32873,200712,915163,915163,8,308690,0,302491,8,2981,391,22451019,2,922171,,,,
1430502445.55903,pg_catalog,pg_authid,352,352,8456,8456,0,0,0,0,1,0,31,8785,108,16804,,,,
1430502445.55903,pg_catalog,pg_statistic,2,830,43172,42937,92,918,0,475,491,141,101,45324,14,87666,71,13418,4,9390
1430502445.55903,pg_catalog,pg_opfamily,3,258,0,0,0,0,0,0,86,0,4,4,0,0,,,,
1430502445.55903,public,district,62657,4691360,1303240,1303227,80,631558,0,623422,80,2160,872,10857274,7,2551365,,,,
1430502445.55903,pg_catalog,pg_shdescription,20,57,8,0,0,0,0,0,3,0,17,11,17,0,0,0,0,0
1430502445.55903,pg_catalog,pg_event_trigger,3,0,27,0,0,0,0,0,0,0,0,0,2,25,,,,
1430502445.55903,pg_catalog,pg_user_mapping,3,0,0,0,0,0,0,0,0,0,0,0,0,0,,,,
1430502445.55903,pg_catalog,pg_inherits,3,0,84,0,0,0,0,0,0,0,0,0,2,82,,,,
1430502445.55903,pg_toast,pg_toast_3596,0,0,0,0,0,0,0,0,0,0,0,0,0,0,,,,
1430502445.55903,pg_catalog,pg_rewrite,3,327,67,67,0,0,0,0,109,0,27,84,2,114,51,97,8,270
1430502445.55903,pg_catalog,pg_foreign_data_wrapper,3,0,0,0,0,0,0,0,0,0,0,0,0,0,,,,
1430502445.55903,pg_catalog,pg_largeobject_metadata,2,0,0,0,0,0,0,0,0,0,0,0,0,0,,,,
1430502445.55903,pg_catalog,pg_opclass,13,394,1761,23287,0,0,0,0,128,0,9,8774,12,2104,,,,
1430502445.55903,pg_catalog,pg_attrdef,3,0,0,0,0,0,0,0,0,0,0,0,0,0,0,0,0,0
1430502445.55903,pg_catalog,pg_default_acl,3,0,59,0,0,0,0,0,0,0,0,0,2,57,,,,
1430502445.55903,pg_catalog,pg_aggregate,2,266,171,171,0,0,0,0,133,0,5,172,2,260,,,,
1430502445.55903,pg_toast,pg_toast_12329,0,0,0,0,0,0,0,0,0,0,0,0,0,0,,,,
1430502445.55903,public,history,1,240000,,,548690,0,0,0,548459,0,17017,329576,,,,,,
1430502445.55903,public,stock,4,3200000,8391926,6845024,800000,3386064,0,0,750761,154253,313033,19523904,11201,35587978,,,,
1430502445.55903,public,orders,6,1440000,599757,762891,562868,285400,0,166054,559732,47803,12553,1708631,6263,4475039,,,,
1430502445.55903,pg_catalog,pg_ts_dict,3,48,0,0,0,0,0,0,16,0,2,2,0,0,,,,
1430502445.55903,pg_catalog,pg_index,86,6068,9429,10826,27,0,17,0,123,17,13,9689,12,9888,,,,
1430502445.55903,public,order_line,4,9112860,627988,7822744,5664279,2955796,0,1200447,5445547,696600,253561,15239324,41377,17471627,,,,
1430502445.55903,pg_catalog,pg_tablespace,51,102,3211,3211,0,0,0,0,2,0,31,3239,61,6389,,,,
1430502445.55903,pg_toast,pg_toast_2619,0,0,8894,26016,317,0,256,0,70,54,71,13418,4,9390,,,,
1430502445.55903,public,customer,6,1440000,1457211,3613134,240000,594090,0,514574,239982,26892,196700,5032066,5395,4901893,,,,
1430502445.55903,pg_catalog,pg_constraint,5,50,8,0,8,0,0,0,10,0,6,33,8,64,0,0,0,0
1430502445.55903,pg_toast,pg_toast_2618,0,0,108,339,0,0,0,0,0,0,51,97,4,135,,,,
1430502445.55903,pg_catalog,pg_cast,3,594,14143,3219,0,0,0,0,198,0,6,3221,6,14303,,,,
1430502445.55903,pg_catalog,pg_ts_config,3,48,0,0,0,0,0,0,16,0,2,2,0,0,,,,
1430502445.55903,pg_catalog,pg_ts_parser,3,3,0,0,0,0,0,0,1,0,2,2,0,0,,,,
1430502445.55903,pg_toast,pg_toast_2620,0,0,0,0,0,0,0,0,0,0,0,0,0,0,,,,
1430502445.55903,pg_toast,pg_toast_2396,0,0,0,0,0,0,0,0,0,0,0,0,0,0,,,,
1430502445.55903,pg_catalog,pg_largeobject,2,0,0,0,0,0,0,0,0,0,0,0,0,0,,,,
1430502445.55903,pg_catalog,pg_enum,4,0,0,0,0,0,0,0,0,0,0,0,0,0,,,,
1430502445.55903,pg_catalog,pg_foreign_table,2,0,0,0,0,0,0,0,0,0,0,0,0,0,,,,
1430502445.55903,pg_catalog,pg_collation,3,1806,0,0,0,0,0,0,602,0,38,38,0,0,,,,
1430502445.55903,pg_catalog,pg_am,234,246,0,0,0,0,0,0,5,0,3,232,0,0,,,,
1430502445.55903,pg_catalog,pg_proc,3,8073,4503,6028,6,0,0,0,2691,0,168,5329,33,9465,0,0,0,0
1430502445.55903,pg_catalog,pg_shdepend,24,24,2722,681,0,0,0,0,1,0,17,696,68,2832,,,,
1430502445.55903,pg_catalog,pg_language,4,16,10,10,0,0,0,0,4,0,2,13,4,18,,,,
1430502445.55903,pg_catalog,pg_range,2,12,2,0,0,0,0,0,6,0,2,1,2,2,,,,
1430502445.55903,pg_catalog,pg_attribute,59,7976,22691,108458,1401,20,1219,1,2491,0,146,35098,48,51369,,,,
1430502445.55903,public,item,4,400000,3389262,3386065,100000,0,0,0,100000,0,3845,3393867,276,6794373,,,,
1430502445.55903,pg_catalog,pg_database,1557,6044,58846,58828,9,0,8,0,4,0,8,60418,124,69397,,,,
1430502445.55903,public,new_order,4,288000,570800,544851,394868,0,257690,0,134042,22073,2839,21344726,2122,4273301,,,,
1430502445.55903,pg_catalog,pg_conversion,4,528,0,0,0,0,0,0,132,0,6,9,0,0,,,,
1430502445.55903,pg_catalog,pg_type,3,1093,6029,5670,173,0,151,0,361,0,30,6075,20,12812,,,,
1430502445.55903,pg_catalog,pg_trigger,4,0,0,0,0,0,0,0,0,0,0,0,0,0,0,0,0,0
1430502445.55903,information_schema,sql_implementation_info,1,12,,,0,0,0,0,12,0,2,0,,,0,0,0,0
1430502445.55903,information_schema,sql_languages,1,4,,,0,0,0,0,4,0,2,0,,,0,0,0,0
1430502445.55903,pg_toast,pg_toast_12309,0,0,0,0,0,0,0,0,0,0,0,0,0,0,,,,
1430502445.55903,pg_toast,pg_toast_12334,0,0,0,0,0,0,0,0,0,0,0,0,0,0,,,,
1430502445.55903,pg_catalog,pg_amop,4,1744,2281,2975,0,0,0,0,436,0,12,2983,23,4861,,,,
1430502445.55903,pg_toast,pg_toast_1255,0,0,0,0,0,0,0,0,0,0,0,0,0,0,,,,
1430502445.55903,pg_toast,pg_toast_12314,0,0,0,0,0,0,0,0,0,0,0,0,0,0,,,,
1430502445.55903,pg_toast,pg_toast_12324,0,0,0,0,0,0,0,0,0,0,0,0,0,0,,,,
1430502445.55903,pg_catalog,pg_amproc,13,1052,1222,1760,0,0,0,0,344,0,9,1213,9,2655,,,,
1430502445.55903,pg_toast,pg_toast_2964,0,0,0,0,0,0,0,0,0,0,0,0,0,0,,,,
1430502445.55903,pg_catalog,pg_ts_template,3,15,0,0,0,0,0,0,5,0,2,2,0,0,,,,
1430502445.55903,pg_catalog,pg_db_role_setting,24,0,21344,0,0,0,0,0,0,0,0,0,31,21313,0,0,0,0
1430502445.55903,pg_toast,pg_toast_2609,0,0,0,0,0,0,0,0,0,0,0,0,0,0,,,,
1430502445.55903,information_schema,sql_parts,1,9,,,0,0,0,0,9,0,2,0,,,0,0,0,0
1430502445.55903,pg_catalog,pg_class,199,36687,33270,30986,122,324,101,68,316,0,34,33870,33,46178,,,,
1430502445.55903,pg_catalog,pg_seclabel,2,0,252,0,0,0,0,0,0,0,0,0,2,250,0,0,0,0
1430502445.55903,pg_catalog,pg_ts_config_map,2,608,0,0,0,0,0,0,304,0,4,2,0,0,,,,
1430502445.55903,information_schema,sql_sizing,1,23,,,0,0,0,0,23,0,2,0,,,0,0,0,0
1430502445.55903,pg_toast,pg_toast_12339,0,0,0,0,0,0,0,0,0,0,0,0,0,0,,,,
1430502445.55903,information_schema,sql_packages,1,10,,,0,0,0,0,10,0,2,0,,,0,0,0,0
1430502445.55903,pg_toast,pg_toast_2606,0,0,0,0,0,0,0,0,0,0,0,0,0,0,,,,
1430502445.55903,pg_catalog,pg_pltemplate,16,128,0,0,0,0,0,0,8,0,16,8,0,0,,,,
1430502445.55903,pg_catalog,pg_auth_members,24,0,0,0,0,0,0,0,0,0,0,0,0,0,,,,
1430502445.55903,pg_catalog,pg_depend,3,20120,2731,2507,348,0,256,0,6672,256,103,3172,39,6884,,,,
1430502445.55903,pg_toast,pg_toast_2604,0,0,0,0,0,0,0,0,0,0,0,0,0,0,,,,
1430502445.55903,pg_catalog,pg_shseclabel,16,0,8,0,0,0,0,0,0,0,0,0,8,0,,,,
1430502445.55903,information_schema,sql_features,1,672,,,0,0,0,0,672,0,14,0,,,0,0,0,0
1430502445.55903,pg_toast,pg_toast_12319,0,0,0,0,0,0,0,0,0,0,0,0,0,0,,,,
1430502445.55903,pg_catalog,pg_description,2,7372,252,0,0,0,0,0,3686,0,64,32,6,501,0,0,0,0
1430502445.55903,pg_catalog,pg_namespace,23,138,1677,1478,0,0,0,0,6,0,3,1499,12,1907,,,,
1430502445.55903,information_schema,sql_sizing_profiles,1,0,,,0,0,0,0,0,0,0,0,,,0,0,0,0
1430502445.55903,pg_catalog,pg_foreign_server,3,0,0,0,0,0,0,0,0,0,0,0,0,0,,,,
1430502505.59819,pg_catalog,pg_operator,3,2295,3095,19925,0,0,0,0,765,0,42,13892,20,6566,,,,
1430502505.59819,pg_catalog,pg_extension,3,3,0,0,0,0,0,0,1,0,2,2,0,0,,,,
1430502505.59819,public,warehouse,32873,200712,1017198,1017198,8,342237,0,335331,8,1834,391,24072219,2,1024994,,,,
1430502505.59819,pg_catalog,pg_authid,353,353,8468,8468,0,0,0,0,1,0,31,8798,108,16828,,,,
1430502505.59819,pg_catalog,pg_statistic,2,830,45818,45579,92,968,0,521,491,154,101,48031,14,92970,71,14414,4,10170
1430502505.59819,pg_catalog,pg_opfamily,3,258,0,0,0,0,0,0,86,0,4,4,0,0,,,,
1430502505.59819,public,district,62657,4691360,1449994,1449981,80,700046,0,691196,80,828,872,11849750,7,2860568,,,,
1430502505.59819,pg_catalog,pg_shdescription,20,57,8,0,0,0,0,0,3,0,17,11,17,0,0,0,0,0
1430502505.59819,pg_catalog,pg_event_trigger,3,0,27,0,0,0,0,0,0,0,0,0,2,25,,,,
1430502505.59819,pg_catalog,pg_user_mapping,3,0,0,0,0,0,0,0,0,0,0,0,0,0,,,,
1430502505.59819,pg_catalog,pg_inherits,3,0,84,0,0,0,0,0,0,0,0,0,2,82,,,,
1430502505.59819,pg_toast,pg_toast_3596,0,0,0,0,0,0,0,0,0,0,0,0,0,0,,,,
1430502505.59819,pg_catalog,pg_rewrite,3,327,72,72,0,0,0,0,109,0,27,89,2,122,51,103,8,282
1430502505.59819,pg_catalog,pg_foreign_data_wrapper,3,0,0,0,0,0,0,0,0,0,0,0,0,0,,,,
1430502505.59819,pg_catalog,pg_largeobject_metadata,2,0,0,0,0,0,0,0,0,0,0,0,0,0,,,,
1430502505.59819,pg_catalog,pg_opclass,13,394,1782,23652,0,0,0,0,128,0,9,8891,12,2129,,,,
1430502505.59819,pg_catalog,pg_attrdef,3,0,0,0,0,0,0,0,0,0,0,0,0,0,0,0,0,0
1430502505.59819,pg_catalog,pg_default_acl,3,0,59,0,0,0,0,0,0,0,0,0,2,57,,,,
1430502505.59819,pg_catalog,pg_aggregate,2,266,172,172,0,0,0,0,133,0,5,173,2,262,,,,
1430502505.59819,pg_toast,pg_toast_12329,0,0,0,0,0,0,0,0,0,0,0,0,0,0,,,,
1430502505.59819,public,history,1,240000,,,582237,0,0,0,582006,0,17394,363877,,,,,,
1430502505.59819,public,stock,4,3200000,9292258,7587162,800000,3753280,0,0,758196,198466,323524,21097890,12716,39424941,,,,
1430502505.59819,public,orders,6,1440000,664980,866423,597809,316490,0,186550,594325,60039,12902,1905683,6819,4946218,,,,
1430502505.59819,pg_catalog,pg_ts_dict,3,48,0,0,0,0,0,0,16,0,2,2,0,0,,,,
1430502505.59819,pg_catalog,pg_index,91,6683,9849,11255,27,0,17,0,123,17,13,10124,12,10313,,,,
1430502505.59819,public,order_line,4,9112860,696293,8669663,6031495,3280590,0,1361213,5642369,918068,267578,16767202,44164,19283448,,,,
1430502505.59819,pg_catalog,pg_tablespace,51,102,3216,3216,0,0,0,0,2,0,31,3244,61,6399,,,,
1430502505.59819,pg_toast,pg_toast_2619,0,0,9648,27560,342,0,281,0,70,79,71,14414,4,10170,,,,
1430502505.59819,public,customer,6,1440000,1615397,3997956,240000,658727,0,576906,239982,33601,196700,5518215,5395,5395739,,,,
1430502505.59819,pg_catalog,pg_constraint,5,50,8,0,8,0,0,0,10,0,6,33,8,64,0,0,0,0
1430502505.59819,pg_toast,pg_toast_2618,0,0,112,353,0,0,0,0,0,0,51,103,4,141,,,,
1430502505.59819,pg_catalog,pg_cast,3,594,14290,3256,0,0,0,0,198,0,6,3258,6,14454,,,,
1430502505.59819,pg_catalog,pg_ts_config,3,48,0,0,0,0,0,0,16,0,2,2,0,0,,,,
1430502505.59819,pg_catalog,pg_ts_parser,3,3,0,0,0,0,0,0,1,0,2,2,0,0,,,,
1430502505.59819,pg_toast,pg_toast_2620,0,0,0,0,0,0,0,0,0,0,0,0,0,0,,,,
1430502505.59819,pg_toast,pg_toast_2396,0,0,0,0,0,0,0,0,0,0,0,0,0,0,,,,
1430502505.59819,pg_catalog,pg_largeobject,2,0,0,0,0,0,0,0,0,0,0,0,0,0,,,,
1430502505.59819,pg_catalog,pg_enum,4,0,0,0,0,0,0,0,0,0,0,0,0,0,,,,
1430502505.59819,pg_catalog,pg_foreign_table,2,0,0,0,0,0,0,0,0,0,0,0,0,0,,,,
1430502505.59819,pg_catalog,pg_collation,3,1806,0,0,0,0,0,0,602,0,38,38,0,0,,,,
1430502505.59819,pg_catalog,pg_am,235,247,0,0,0,0,0,0,5,0,3,233,0,0,,,,
1430502505.59819,pg_catalog,pg_proc,3,8073,4569,6115,6,0,0,0,2691,0,168,5404,33,9603,0,0,0,0
1430502505.59819,pg_catalog,pg_shdepend,24,24,2722,681,0,0,0,0,1,0,17,696,68,2832,,,,
1430502505.59819,pg_catalog,pg_language,4,16,10,10,0,0,0,0,4,0,2,13,4,18,,,,
1430502505.59819,pg_catalog,pg_range,2,12,2,0,0,0,0,0,6,0,2,1,2,2,,,,
1430502505.59819,pg_catalog,pg_attribute,59,7976,23539,114114,1401,20,1219,1,2491,0,146,36628,48,53068,,,,
1430502505.59819,public,item,4,400000,3756826,3753281,100000,0,0,0,100000,0,3845,3761083,276,7531222,,,,
1430502505.59819,pg_catalog,pg_database,1561,6060,58956,58938,9,0,8,0,4,0,8,60532,124,69523,,,,
1430502505.59819,public,new_order,4,288000,632980,604442,429809,0,285970,0,140355,50701,2969,22713081,2248,4805184,,,,
1430502505.59819,pg_catalog,pg_conversion,4,528,0,0,0,0,0,0,132,0,6,9,0,0,,,,
1430502505.59819,pg_catalog,pg_type,3,1093,6092,5733,173,0,151,0,361,0,30,6138,20,12942,,,,
1430502505.59819,pg_catalog,pg_trigger,4,0,0,0,0,0,0,0,0,0,0,0,0,0,0,0,0,0
1430502505.59819,information_schema,sql_implementation_info,1,12,,,0,0,0,0,12,0,2,0,,,0,0,0,0
1430502505.59819,information_schema,sql_languages,1,4,,,0,0,0,0,4,0,2,0,,,0,0,0,0
1430502505.59819,pg_toast,pg_toast_12309,0,0,0,0,0,0,0,0,0,0,0,0,0,0,,,,
1430502505.59819,pg_toast,pg_toast_12334,0,0,0,0,0,0,0,0,0,0,0,0,0,0,,,,
1430502505.59819,pg_catalog,pg_amop,4,1744,2322,3021,0,0,0,0,436,0,12,3029,23,4949,,,,
1430502505.59819,pg_toast,pg_toast_1255,0,0,0,0,0,0,0,0,0,0,0,0,0,0,,,,
1430502505.59819,pg_toast,pg_toast_12314,0,0,0,0,0,0,0,0,0,0,0,0,0,0,,,,
1430502505.59819,pg_toast,pg_toast_12324,0,0,0,0,0,0,0,0,0,0,0,0,0,0,,,,
1430502505.59819,pg_catalog,pg_amproc,13,1052,1239,1779,0,0,0,0,344,0,9,1227,9,2690,,,,
1430502505.59819,pg_toast,pg_toast_2964,0,0,0,0,0,0,0,0,0,0,0,0,0,0,,,,
1430502505.59819,pg_catalog,pg_ts_template,3,15,0,0,0,0,0,0,5,0,2,2,0,0,,,,
1430502505.59819,pg_catalog,pg_db_role_setting,24,0,21376,0,0,0,0,0,0,0,0,0,31,21345,0,0,0,0
1430502505.59819,pg_toast,pg_toast_2609,0,0,0,0,0,0,0,0,0,0,0,0,0,0,,,,
1430502505.59819,information_schema,sql_parts,1,9,,,0,0,0,0,9,0,2,0,,,0,0,0,0
1430502505.59819,pg_catalog,pg_class,208,39232,34957,32550,122,324,101,68,316,0,34,35520,33,48255,,,,
1430502505.59819,pg_catalog,pg_seclabel,2,0,252,0,0,0,0,0,0,0,0,0,2,250,0,0,0,0
1430502505.59819,pg_catalog,pg_ts_config_map,2,608,0,0,0,0,0,0,304,0,4,2,0,0,,,,
1430502505.59819,information_schema,sql_sizing,1,23,,,0,0,0,0,23,0,2,0,,,0,0,0,0
1430502505.59819,pg_toast,pg_toast_12339,0,0,0,0,0,0,0,0,0,0,0,0,0,0,,,,
1430502505.59819,information_schema,sql_packages,1,10,,,0,0,0,0,10,0,2,0,,,0,0,0,0
1430502505.59819,pg_toast,pg_toast_2606,0,0,0,0,0,0,0,0,0,0,0,0,0,0,,,,
1430502505.59819,pg_catalog,pg_pltemplate,16,128,0,0,0,0,0,0,8,0,16,8,0,0,,,,
1430502505.59819,pg_catalog,pg_auth_members,24,0,0,0,0,0,0,0,0,0,0,0,0,0,,,,
1430502505.59819,pg_catalog,pg_depend,3,20120,2731,2507,348,0,256,0,6672,256,103,3172,39,6884,,,,
1430502505.59819,pg_toast,pg_toast_2604,0,0,0,0,0,0,0,0,0,0,0,0,0,0,,,,
1430502505.59819,pg_catalog,pg_shseclabel,16,0,8,0,0,0,0,0,0,0,0,0,8,0,,,,
1430502505.59819,information_schema,sql_features,1,672,,,0,0,0,0,672,0,14,0,,,0,0,0,0
1430502505.59819,pg_toast,pg_toast_12319,0,0,0,0,0,0,0,0,0,0,0,0,0,0,,,,
1430502505.59819,pg_catalog,pg_description,2,7372,252,0,0,0,0,0,3686,0,64,32,6,501,0,0,0,0
1430502505.59819,pg_catalog,pg_namespace,25,150,1810,1608,0,0,0,0,6,0,3,1631,12,2046,,,,
1430502505.59819,information_schema,sql_sizing_profiles,1,0,,,0,0,0,0,0,0,0,0,,,0,0,0,0
1430502505.59819,pg_catalog,pg_foreign_server,3,0,0,0,0,0,0,0,0,0,0,0,0,0,,,,
