# hostname;interval;timestamp;DEV;tps;rd_sec/s;wr_sec/s;avgrq-sz;avgqu-sz;await;svctm;%util
ECSPGSQL;60;1430501965;dasda;4.40;0.27;290.93;66.18;0.04;9.28;0.38;0.17
ECSPGSQL;60;1430501965;dasdb;0.00;0.00;0.00;0.00;0.00;0.00;0.00;0.00
ECSPGSQL;60;1430501965;sda;530.90;0.00;32378.53;60.99;0.43;0.80;0.40;21.17
ECSPGSQL;60;1430501965;vgsys-swap;0.00;0.00;0.00;0.00;0.00;0.00;0.00;0.00
ECSPGSQL;60;1430501965;vgsys-postgreSQL;4047.32;0.00;32378.53;8.00;20.78;5.13;0.05;21.18
ECSPGSQL;60;1430502025;dasda;5.53;0.00;408.67;73.86;0.09;16.96;0.72;0.40
ECSPGSQL;60;1430502025;dasdb;0.00;0.00;0.00;0.00;0.00;0.00;0.00;0.00
ECSPGSQL;60;1430502025;sda;499.87;0.00;28388.00;56.79;0.50;1.00;0.42;20.75
ECSPGSQL;60;1430502025;vgsys-swap;0.00;0.00;0.00;0.00;0.00;0.00;0.00;0.00
ECSPGSQL;60;1430502025;vgsys-postgreSQL;3548.50;0.00;28388.00;8.00;48.32;13.62;0.06;20.88
ECSPGSQL;60;1430502085;dasda;6.25;0.00;449.94;71.98;0.11;17.39;0.51;0.32
ECSPGSQL;60;1430502085;dasdb;0.00;0.00;0.00;0.00;0.00;0.00;0.00;0.00
ECSPGSQL;60;1430502085;sda;446.46;0.13;23102.52;51.75;0.57;1.27;0.40;17.65
ECSPGSQL;60;1430502085;vgsys-swap;0.00;0.00;0.00;0.00;0.00;0.00;0.00;0.00
ECSPGSQL;60;1430502085;vgsys-postgreSQL;2887.83;0.13;23102.52;8.00;22.36;7.74;0.06;17.79
ECSPGSQL;60;1430502145;dasda;4.67;0.13;361.60;77.51;0.05;10.14;0.39;0.18
ECSPGSQL;60;1430502145;dasdb;0.00;0.00;0.00;0.00;0.00;0.00;0.00;0.00
ECSPGSQL;60;1430502145;sda;533.73;0.00;24319.47;45.56;0.36;0.67;0.40;21.42
ECSPGSQL;60;1430502145;vgsys-swap;0.00;0.00;0.00;0.00;0.00;0.00;0.00;0.00
ECSPGSQL;60;1430502145;vgsys-postgreSQL;3039.93;0.00;24319.47;8.00;20.42;6.72;0.07;21.58
ECSPGSQL;60;1430502205;dasda;5.90;47.19;392.73;74.58;0.06;9.49;0.42;0.25
ECSPGSQL;60;1430502205;dasdb;0.07;0.00;1.73;26.00;0.00;0.00;0.00;0.00
ECSPGSQL;60;1430502205;sda;456.01;0.00;27011.10;59.23;0.33;0.72;0.41;18.70
ECSPGSQL;60;1430502205;vgsys-swap;0.22;0.00;1.73;8.00;0.00;0.00;0.00;0.00
ECSPGSQL;60;1430502205;vgsys-postgreSQL;3376.39;0.00;27011.10;8.00;23.71;7.02;0.06;18.80
ECSPGSQL;60;1430502265;dasda;5.07;0.00;411.87;81.29;0.06;11.15;0.43;0.22
ECSPGSQL;60;1430502265;dasdb;0.00;0.00;0.00;0.00;0.00;0.00;0.00;0.00
ECSPGSQL;60;1430502265;sda;430.27;0.00;29530.13;68.63;0.34;0.79;0.43;18.40
ECSPGSQL;60;1430502265;vgsys-swap;0.00;0.00;0.00;0.00;0.00;0.00;0.00;0.00
ECSPGSQL;60;1430502265;vgsys-postgreSQL;3691.27;0.00;29530.13;8.00;29.10;7.88;0.05;18.45
ECSPGSQL;60;1430502325;dasda;6.70;67.46;375.00;66.05;0.08;11.34;0.62;0.42
ECSPGSQL;60;1430502325;dasdb;0.00;0.00;0.00;0.00;0.00;0.00;0.00;0.00
ECSPGSQL;60;1430502325;sda;467.12;0.00;28716.95;61.48;0.30;0.63;0.41;19.35
ECSPGSQL;60;1430502325;vgsys-swap;0.00;0.00;0.00;0.00;0.00;0.00;0.00;0.00
ECSPGSQL;60;1430502325;vgsys-postgreSQL;3589.62;0.00;28716.95;8.00;24.92;6.94;0.05;19.33
ECSPGSQL;60;1430502385;dasda;5.65;24.53;407.47;76.46;0.06;10.38;0.50;0.28
ECSPGSQL;60;1430502385;dasdb;0.00;0.00;0.00;0.00;0.00;0.00;0.00;0.00
ECSPGSQL;60;1430502385;sda;521.70;0.00;28522.00;54.67;0.31;0.59;0.40;20.78
ECSPGSQL;60;1430502385;vgsys-swap;0.00;0.00;0.00;0.00;0.00;0.00;0.00;0.00
ECSPGSQL;60;1430502385;vgsys-postgreSQL;3565.25;0.00;28522.00;8.00;25.00;7.01;0.06;20.92
ECSPGSQL;60;1430502445;dasda;5.25;1.87;411.80;78.78;0.04;7.75;0.35;0.18
ECSPGSQL;60;1430502445;dasdb;0.00;0.00;0.00;0.00;0.00;0.00;0.00;0.00
ECSPGSQL;60;1430502445;sda;510.32;0.00;30182.76;59.14;0.31;0.60;0.40;20.44
ECSPGSQL;60;1430502445;vgsys-swap;0.00;0.00;0.00;0.00;0.00;0.00;0.00;0.00
ECSPGSQL;60;1430502445;vgsys-postgreSQL;3772.85;0.00;30182.76;8.00;25.30;6.70;0.05;20.47
ECSPGSQL;60;1430502505;dasda;8.97;127.98;454.59;64.98;0.06;6.77;0.37;0.33
ECSPGSQL;60;1430502505;dasdb;0.00;0.00;0.00;0.00;0.00;0.00;0.00;0.00
ECSPGSQL;60;1430502505;sda;1138.69;0.00;72427.93;63.61;2.88;2.53;0.21;24.36
ECSPGSQL;60;1430502505;vgsys-swap;0.00;0.00;0.00;0.00;0.00;0.00;0.00;0.00
ECSPGSQL;60;1430502505;vgsys-postgreSQL;9053.49;0.00;72427.93;8.00;70.04;7.74;0.03;24.41
